2020-09-22 00:00	0.85	7.00	0.85	5.32	31441899
2020-09-23 00:00	5.33	5.36	3.40	3.54	12620627
2020-09-24 00:00	3.53	4.89	3.40	4.64	7107870
2020-09-25 00:00	4.64	5.02	4.20	4.71	3886121
2020-09-26 00:00	4.72	4.82	4.33	4.52	1814955
2020-09-27 00:00	4.52	4.71	4.11	4.65	1500162
2020-09-28 00:00	4.65	4.71	4.17	4.20	1210467
2020-09-29 00:00	4.20	4.29	3.96	4.14	1057903
2020-09-30 00:00	4.14	4.41	4.00	4.33	915543
2020-10-01 00:00	4.33	4.53	4.01	4.15	1477312
2020-10-02 00:00	4.14	4.22	3.63	3.91	1847643
2020-10-03 00:00	3.92	4.19	3.87	4.02	679823
2020-10-04 00:00	4.02	4.08	3.83	3.96	630874
2020-10-05 00:00	3.96	4.05	3.87	3.98	475935
2020-10-06 00:00	3.99	4.00	3.50	3.54	971183
2020-10-07 00:00	3.54	3.55	3.21	3.44	988686
2020-10-08 00:00	3.44	3.96	3.32	3.91	900999
2020-10-09 00:00	3.91	4.33	3.80	4.25	573087
2020-10-10 00:00	4.24	4.27	4.00	4.02	821340
2020-10-11 00:00	4.02	4.18	3.93	4.10	542460
2020-10-12 00:00	4.08	4.71	4.05	4.41	851835
2020-10-13 00:00	4.41	4.56	4.32	4.48	776844
2020-10-14 00:00	4.48	4.48	4.01	4.16	512503
2020-10-15 00:00	4.15	4.23	4.00	4.13	306563
2020-10-16 00:00	4.13	4.16	3.88	4.04	538078
2020-10-17 00:00	4.05	4.21	3.97	4.19	258657
2020-10-18 00:00	4.19	4.25	4.07	4.12	138323
2020-10-19 00:00	4.14	4.17	3.99	4.05	274953
2020-10-20 00:00	4.06	4.09	3.69	3.80	589475
2020-10-21 00:00	3.80	4.10	3.79	3.96	319470
2020-10-22 00:00	3.96	4.49	3.95	4.34	741521
2020-10-23 00:00	4.34	4.49	4.14	4.26	324917
2020-10-24 00:00	4.25	4.36	4.14	4.18	218624
2020-10-25 00:00	4.18	4.25	4.10	4.15	209687
2020-10-26 00:00	4.14	4.49	4.01	4.15	661177
2020-10-27 00:00	4.15	4.35	4.03	4.12	292779
2020-10-28 00:00	4.12	4.18	3.93	4.06	359171
2020-10-29 00:00	4.06	4.11	3.73	3.78	422613
2020-10-30 00:00	3.77	3.82	3.58	3.72	850116
2020-10-31 00:00	3.71	3.76	3.59	3.65	346138
2020-11-01 00:00	3.64	3.71	3.55	3.68	295491
2020-11-02 00:00	3.69	3.88	3.61	3.62	322629
2020-11-03 00:00	3.62	3.65	3.24	3.32	664924
2020-11-04 00:00	3.33	3.38	3.00	3.17	466230
2020-11-05 00:00	3.17	3.38	3.02	3.33	644708
2020-11-06 00:00	3.34	3.67	3.32	3.59	910062
2020-11-07 00:00	3.59	3.92	3.37	3.41	832553
2020-11-08 00:00	3.41	3.67	3.36	3.48	543158
2020-11-09 00:00	3.47	3.54	3.26	3.41	534949
2020-11-10 00:00	3.42	3.63	3.37	3.57	482758
2020-11-11 00:00	3.58	3.82	3.46	3.48	389384
2020-11-12 00:00	3.49	3.57	3.32	3.42	314382
2020-11-13 00:00	3.43	3.70	3.39	3.67	585419
2020-11-14 00:00	3.68	3.70	3.40	3.49	443039
2020-11-15 00:00	3.48	3.64	3.41	3.55	438388
2020-11-16 00:00	3.53	3.82	3.46	3.70	658024
2020-11-17 00:00	3.71	3.93	3.69	3.84	490851
2020-11-18 00:00	3.85	3.87	3.55	3.74	531939
2020-11-19 00:00	3.75	3.83	3.56	3.64	386332
2020-11-20 00:00	3.64	4.01	3.62	3.72	657052
2020-11-21 00:00	3.71	4.10	3.67	4.03	557246
2020-11-22 00:00	4.03	4.06	3.71	3.89	562471
2020-11-23 00:00	3.91	4.26	3.85	4.07	611868
2020-11-24 00:00	4.07	4.33	3.87	4.26	855880
2020-11-25 00:00	4.26	4.40	3.90	4.05	763646
2020-11-26 00:00	4.04	4.09	3.28	3.54	1011333
2020-11-27 00:00	3.54	3.76	3.42	3.59	382092
2020-11-28 00:00	3.59	3.70	3.48	3.63	256625
2020-11-29 00:00	3.63	3.77	3.53	3.70	222798
2020-11-30 00:00	3.71	3.82	3.64	3.70	266765
2020-12-01 00:00	3.70	3.81	3.45	3.55	453028
2020-12-02 00:00	3.55	3.85	3.51	3.74	255392
2020-12-03 00:00	3.74	3.90	3.71	3.81	217843
2020-12-04 00:00	3.81	3.86	3.51	3.53	306378
2020-12-05 00:00	3.53	3.72	3.51	3.64	176723
2020-12-06 00:00	3.64	3.67	3.51	3.61	198944
2020-12-07 00:00	3.60	3.61	3.30	3.39	319632
2020-12-08 00:00	3.39	3.39	3.09	3.12	948010
2020-12-09 00:00	3.12	3.44	2.80	3.27	1492010
2020-12-10 00:00	3.26	3.36	3.06	3.15	1121728
2020-12-11 00:00	3.15	3.31	3.01	3.24	740300
2020-12-12 00:00	3.23	3.45	3.23	3.33	695504
2020-12-13 00:00	3.34	3.42	3.28	3.34	598149
2020-12-14 00:00	3.34	3.34	3.14	3.14	1041570
2020-12-15 00:00	3.14	3.54	3.06	3.30	899531
2020-12-16 00:00	3.30	3.38	3.15	3.34	660917
2020-12-17 00:00	3.34	3.38	3.18	3.21	634160
2020-12-18 00:00	3.21	3.47	3.14	3.41	642917
2020-12-19 00:00	3.41	3.61	3.38	3.47	506137
2020-12-20 00:00	3.46	3.50	3.28	3.30	415913
2020-12-21 00:00	3.30	3.36	2.93	3.09	824466
2020-12-22 00:00	3.09	3.13	2.92	3.08	488833
2020-12-23 00:00	3.07	3.69	2.75	2.95	2874470
2020-12-24 00:00	2.95	3.12	2.77	3.10	911002
2020-12-25 00:00	3.12	3.13	2.84	2.95	870269
2020-12-26 00:00	2.95	3.00	2.85	2.92	475939
2020-12-27 00:00	2.92	3.08	2.84	2.90	566758
2020-12-28 00:00	2.92	3.05	2.87	2.96	932698
2020-12-29 00:00	2.96	3.01	2.83	2.92	831374
2020-12-30 00:00	2.93	2.94	2.83	2.92	443177
2020-12-31 00:00	2.92	3.30	2.78	3.19	861060
2021-01-01 00:00	3.19	3.86	3.02	3.65	3817142
2021-01-02 00:00	3.65	3.94	3.29	3.50	1768232
2021-01-03 00:00	3.50	3.83	3.39	3.47	989492
2021-01-04 00:00	3.48	3.83	3.23	3.60	1242567
2021-01-05 00:00	3.60	4.36	3.47	4.25	2403420
2021-01-06 00:00	4.25	4.98	4.14	4.58	2925182
2021-01-07 00:00	4.58	4.82	4.18	4.47	1471518
2021-01-08 00:00	4.47	5.90	4.00	5.70	3037681
2021-01-09 00:00	5.70	7.49	5.58	7.19	4060120
2021-01-10 00:00	7.21	7.50	6.15	6.54	1865938
2021-01-11 00:00	6.54	7.00	5.72	6.47	2065146
2021-01-12 00:00	6.46	8.24	6.42	7.72	3138463
2021-01-13 00:00	7.73	8.50	7.14	8.47	1712029
2021-01-14 00:00	8.47	9.60	8.21	9.32	2550074
2021-01-15 00:00	9.32	9.89	8.57	9.38	1991216
2021-01-16 00:00	9.38	13.50	9.16	12.84	3898740
2021-01-17 00:00	12.82	14.69	12.32	13.17	3568878
2021-01-18 00:00	13.17	13.86	12.57	12.70	1317396
2021-01-19 00:00	12.68	14.00	11.34	11.74	1846945
2021-01-20 00:00	11.73	13.08	11.03	12.38	1515455
2021-01-21 00:00	12.38	13.01	11.07	11.32	1717166
2021-01-22 00:00	11.33	13.39	10.67	12.71	2250624
2021-01-23 00:00	12.72	13.48	12.51	12.87	1224375
2021-01-24 00:00	12.89	13.17	12.20	12.48	907206
2021-01-25 00:00	12.48	12.95	12.06	12.18	613896
2021-01-26 00:00	12.18	12.73	11.38	12.21	873435
2021-01-27 00:00	12.18	12.22	10.77	11.16	740359
2021-01-28 00:00	11.14	12.75	10.80	11.96	1091987
2021-01-29 00:00	11.96	12.68	11.31	11.62	1470221
2021-01-30 00:00	11.62	12.65	11.29	12.04	1122849
2021-01-31 00:00	12.01	15.37	11.83	13.47	5017970
2021-02-01 00:00	13.47	13.64	12.57	13.22	1820914
2021-02-02 00:00	13.21	13.73	12.77	13.47	748766
2021-02-03 00:00	13.47	14.94	13.18	14.84	1267468
2021-02-04 00:00	14.84	15.88	13.80	15.27	1649372
2021-02-05 00:00	15.27	18.03	15.12	17.90	1654465
2021-02-06 00:00	17.90	18.62	15.80	18.12	1547717
2021-02-07 00:00	18.12	24.43	17.88	23.71	4884674
2021-02-08 00:00	23.74	33.82	23.55	30.06	5774886
2021-02-09 00:00	30.06	33.00	27.48	31.92	2664507
2021-02-10 00:00	31.85	60.30	31.34	54.69	9715779
2021-02-11 00:00	54.69	56.50	41.67	46.97	4310949
2021-02-12 00:00	46.97	54.48	43.50	48.30	3209833
2021-02-13 00:00	48.30	51.90	43.40	44.08	1890996
2021-02-14 00:00	44.07	45.75	38.37	39.17	2829550
2021-02-15 00:00	39.17	44.98	33.50	38.31	3933329
2021-02-16 00:00	38.34	40.00	35.14	36.54	2556770
2021-02-17 00:00	36.54	42.13	34.14	37.30	3076704
2021-02-18 00:00	37.30	44.49	36.19	40.97	3097237
2021-02-19 00:00	41.02	41.28	37.50	38.73	2047956
2021-02-20 00:00	38.73	42.85	31.94	36.00	3400705
2021-02-21 00:00	35.96	38.00	34.79	36.19	1516534
2021-02-22 00:00	36.19	36.29	25.47	32.15	2970234
2021-02-23 00:00	32.15	32.41	22.51	27.59	3658012
2021-02-24 00:00	27.60	32.27	25.25	29.74	3233852
2021-02-25 00:00	29.73	32.18	26.44	26.70	2431309
2021-02-26 00:00	26.77	28.05	24.77	25.97	1804032
2021-02-27 00:00	25.97	27.50	25.00	25.76	1690935
2021-02-28 00:00	25.74	25.93	22.12	23.96	1817018
2021-03-01 00:00	23.97	27.82	23.61	27.51	2250062
2021-03-02 00:00	27.52	31.99	25.86	27.11	5223891
2021-03-03 00:00	27.11	29.45	26.52	27.22	2841966
2021-03-04 00:00	27.21	28.82	24.22	25.78	3087772
2021-03-05 00:00	25.78	25.78	23.53	24.24	2367124
2021-03-06 00:00	24.27	25.50	23.83	24.91	1483884
2021-03-07 00:00	24.92	27.95	24.92	26.69	3010997
2021-03-08 00:00	26.69	27.11	24.89	25.62	2182959
2021-03-09 00:00	25.62	34.79	23.41	34.31	10511826
2021-03-10 00:00	34.30	35.80	28.69	29.59	8435083
2021-03-11 00:00	29.62	32.83	28.40	30.80	5275336
2021-03-12 00:00	30.80	31.58	26.78	27.96	4025326
2021-03-13 00:00	27.95	33.22	26.86	30.88	4641935
2021-03-14 00:00	30.91	32.30	28.80	28.84	2905989
2021-03-15 00:00	28.84	30.65	27.00	28.95	3223285
2021-03-16 00:00	28.92	33.25	27.52	33.04	3919285
2021-03-17 00:00	33.04	33.99	30.53	32.68	3711327
2021-03-18 00:00	32.68	35.61	31.82	33.21	3784367
2021-03-19 00:00	33.21	38.49	31.34	37.32	4561592
2021-03-20 00:00	37.32	39.30	34.17	34.20	2545334
2021-03-21 00:00	34.18	35.45	32.00	32.81	2817606
2021-03-22 00:00	32.81	33.59	28.62	29.17	2819111
2021-03-23 00:00	29.18	30.89	28.11	28.47	2208319
2021-03-24 00:00	28.45	30.49	24.67	25.84	2924746
2021-03-25 00:00	25.80	27.52	24.33	25.83	2616932
2021-03-26 00:00	25.81	28.88	25.79	28.25	2119201
2021-03-27 00:00	28.27	28.67	26.79	27.62	1664584
2021-03-28 00:00	27.62	29.56	27.22	28.72	2149123
2021-03-29 00:00	28.74	30.37	28.20	29.50	1936649
2021-03-30 00:00	29.50	30.98	28.60	29.60	1916593
2021-03-31 00:00	29.60	29.96	25.90	28.72	1991069
2021-04-01 00:00	28.72	29.37	27.69	28.25	1556680
2021-04-02 00:00	28.27	29.58	27.94	29.04	1502788
2021-04-03 00:00	29.01	32.87	27.83	28.18	4011041
2021-04-04 00:00	28.17	29.92	27.56	29.16	1645469
2021-04-05 00:00	29.17	33.00	28.55	31.26	3914430
2021-04-06 00:00	31.29	34.56	30.00	31.46	3854969
2021-04-07 00:00	31.48	34.15	28.60	29.51	3026429
2021-04-08 00:00	29.54	31.61	29.23	30.75	1585935
2021-04-09 00:00	30.75	32.48	30.30	31.52	2411551
2021-04-10 00:00	31.52	33.97	30.87	31.78	3316927
2021-04-11 00:00	31.76	32.33	30.89	31.60	1817861
2021-04-12 00:00	31.59	35.64	31.10	33.81	4048895
2021-04-13 00:00	33.81	34.89	31.70	33.65	3077747
2021-04-14 00:00	33.64	39.45	32.89	38.34	7610285
2021-04-15 00:00	38.39	40.76	36.21	37.02	4740754
2021-04-16 00:00	37.03	37.54	33.06	35.45	3675636
2021-04-17 00:00	35.44	36.91	33.51	33.93	2447241
2021-04-18 00:00	33.97	34.30	22.55	29.33	5871651
2021-04-19 00:00	29.32	30.58	25.55	26.18	3256005
2021-04-20 00:00	26.20	29.98	23.88	27.41	3447208
2021-04-21 00:00	27.41	28.49	25.75	25.81	2761879
2021-04-22 00:00	25.81	27.75	22.87	23.97	3474247
2021-04-23 00:00	23.97	26.56	19.80	23.53	4745834
2021-04-24 00:00	23.55	23.94	21.38	21.85	2231466
2021-04-25 00:00	21.84	23.75	20.36	21.62	1711034
2021-04-26 00:00	21.63	26.50	21.39	26.45	3025282
2021-04-27 00:00	26.44	28.00	25.70	27.95	2350773
2021-04-28 00:00	27.96	29.08	25.83	28.23	2546858
2021-04-29 00:00	28.25	29.77	26.60	27.91	2274455
2021-04-30 00:00	27.93	33.00	27.50	32.80	3368400
2021-05-01 00:00	32.82	35.68	31.72	31.81	3589529
2021-05-02 00:00	31.82	32.68	30.38	31.28	2177873
2021-05-03 00:00	31.26	37.36	30.70	35.87	5397514
2021-05-04 00:00	35.89	36.19	29.50	30.29	4452248
2021-05-05 00:00	30.31	35.62	29.70	35.26	3289594
2021-05-06 00:00	35.23	39.30	34.66	38.00	6195399
2021-05-07 00:00	38.00	43.89	35.97	37.88	6802635
2021-05-08 00:00	37.85	39.84	37.16	38.40	2493241
2021-05-09 00:00	38.40	39.50	35.02	38.97	2403175
2021-05-10 00:00	38.99	41.80	29.69	34.65	4334643
2021-05-11 00:00	34.65	37.30	32.58	36.80	2729501
2021-05-12 00:00	36.77	41.47	32.00	32.80	5512590
2021-05-13 00:00	32.87	37.17	30.74	35.08	4599042
2021-05-14 00:00	35.04	38.00	33.28	37.00	2531502
2021-05-15 00:00	36.99	39.99	34.03	34.44	4984186
2021-05-16 00:00	34.46	39.70	32.50	36.60	5278687
2021-05-17 00:00	36.60	37.94	31.75	33.67	4761803
2021-05-18 00:00	33.68	37.70	33.27	36.88	3692905
2021-05-19 00:00	36.91	38.53	17.77	23.05	7854233
2021-05-20 00:00	23.06	28.20	20.81	25.09	4667860
2021-05-21 00:00	25.04	26.71	18.37	21.83	3781419
2021-05-22 00:00	21.83	22.47	18.30	18.80	2628938
2021-05-23 00:00	18.81	19.67	12.09	15.61	5464018
2021-05-24 00:00	15.60	20.50	15.03	19.40	4361356
2021-05-25 00:00	19.40	20.24	17.00	19.45	2878349
2021-05-26 00:00	19.43	21.45	18.92	20.80	3101894
2021-05-27 00:00	20.79	21.20	18.72	19.12	1878853
2021-05-28 00:00	19.13	19.57	16.02	16.73	2318912
2021-05-29 00:00	16.73	17.59	15.17	16.17	1261004
2021-05-30 00:00	16.19	17.47	15.10	16.52	1133905
2021-05-31 00:00	16.50	18.20	15.67	18.14	1357150
2021-06-01 00:00	18.15	18.58	17.07	17.75	1195490
2021-06-02 00:00	17.75	19.42	17.15	18.69	1696662
2021-06-03 00:00	18.69	20.70	18.22	20.27	1754662
2021-06-04 00:00	20.25	20.55	17.41	18.24	1844883
2021-06-05 00:00	18.24	19.14	16.86	17.23	1557238
2021-06-06 00:00	17.23	18.00	17.09	17.38	747062
2021-06-07 00:00	17.38	18.05	15.30	15.54	2846131
2021-06-08 00:00	15.53	16.05	13.64	14.79	2622771
2021-06-09 00:00	14.80	15.77	13.65	15.40	2507559
2021-06-10 00:00	15.40	15.58	13.73	14.19	2406230
2021-06-11 00:00	14.19	14.62	13.14	13.41	1985322
2021-06-12 00:00	13.42	14.00	12.64	13.55	1721135
2021-06-13 00:00	13.55	15.00	13.24	14.76	1905095
2021-06-14 00:00	14.76	15.42	14.37	15.11	1753775
2021-06-15 00:00	15.11	15.63	14.58	14.71	1618989
2021-06-16 00:00	14.72	14.95	13.91	14.08	1593182
2021-06-17 00:00	14.08	15.50	14.02	14.84	2176603
2021-06-18 00:00	14.86	15.30	13.10	13.64	1646668
2021-06-19 00:00	13.64	14.04	13.21	13.38	677529
2021-06-20 00:00	13.37	14.19	12.78	13.92	1178248
2021-06-21 00:00	13.91	14.07	11.08	11.20	2203280
2021-06-22 00:00	11.19	11.76	9.32	10.58	3283417
2021-06-23 00:00	10.59	11.90	10.15	11.46	2090792
2021-06-24 00:00	11.47	11.76	10.82	11.49	1288757
2021-06-25 00:00	11.50	11.76	10.20	10.24	1369516
2021-06-26 00:00	10.24	10.60	9.78	10.32	1136025
2021-06-27 00:00	10.32	10.98	10.09	10.94	692627
2021-06-28 00:00	10.95	11.47	10.69	11.32	1022990
2021-06-29 00:00	11.33	12.35	11.08	11.92	1388440
2021-06-30 00:00	11.92	12.17	11.04	11.95	1137270
2021-07-01 00:00	11.94	12.08	11.00	11.18	717111
2021-07-02 00:00	11.19	11.36	10.57	11.11	979125
2021-07-03 00:00	11.12	11.68	10.88	11.51	737426
2021-07-04 00:00	11.50	12.90	11.21	12.35	1361813
2021-07-05 00:00	12.34	12.44	11.52	12.04	1408736
2021-07-06 00:00	12.04	14.23	12.03	13.38	2391447
2021-07-07 00:00	13.37	14.20	13.04	13.11	2048578
2021-07-08 00:00	13.09	13.12	11.84	12.10	1467724
2021-07-09 00:00	12.09	12.88	11.64	12.55	1365911
2021-07-10 00:00	12.56	12.85	11.84	12.02	729717
2021-07-11 00:00	12.02	12.49	11.91	12.43	574858
2021-07-12 00:00	12.44	12.84	11.70	12.16	1105250
2021-07-13 00:00	12.16	12.43	11.74	11.91	937233
2021-07-14 00:00	11.92	12.11	11.11	11.79	916174
2021-07-15 00:00	11.79	12.10	11.13	11.39	799175
2021-07-16 00:00	11.39	11.82	10.80	10.81	869830
2021-07-17 00:00	10.82	11.14	10.72	10.96	588199
2021-07-18 00:00	10.96	11.28	10.65	10.69	669493
2021-07-19 00:00	10.69	10.76	10.01	10.18	613118
2021-07-20 00:00	10.19	10.37	9.33	9.64	784257
2021-07-21 00:00	9.65	10.75	9.47	10.43	994937
2021-07-22 00:00	10.44	10.96	10.24	10.83	879807
2021-07-23 00:00	10.84	11.17	10.53	11.09	696020
2021-07-24 00:00	11.09	11.45	10.95	11.14	839131
2021-07-25 00:00	11.14	11.34	10.77	11.25	601406
2021-07-26 00:00	11.25	12.70	11.21	11.46	2058010
2021-07-27 00:00	11.46	12.35	11.18	11.92	977823
2021-07-28 00:00	11.92	12.49	11.69	12.32	1510331
2021-07-29 00:00	12.33	12.65	11.98	12.43	1634198
2021-07-30 00:00	12.43	13.00	11.93	12.98	1572270
2021-07-31 00:00	12.98	13.63	12.59	13.53	1248796
2021-08-01 00:00	13.54	14.08	12.62	12.85	1860643
2021-08-02 00:00	12.85	13.37	12.62	12.99	928827
2021-08-03 00:00	12.99	13.52	12.33	12.56	1198390
2021-08-04 00:00	12.57	13.78	12.41	13.70	1246747
2021-08-05 00:00	13.70	14.00	12.85	13.83	1372463
2021-08-06 00:00	13.83	15.08	13.39	14.77	2108115
2021-08-07 00:00	14.77	15.95	14.61	15.83	2346839
2021-08-08 00:00	15.85	16.10	14.56	14.83	1318396
2021-08-09 00:00	14.83	16.76	14.42	16.17	2569395
2021-08-10 00:00	16.17	17.18	15.80	16.42	2076484
2021-08-11 00:00	16.43	17.55	16.38	16.69	1849912
2021-08-12 00:00	16.67	17.54	15.43	16.58	1704811
2021-08-13 00:00	16.57	18.29	16.39	18.03	1519317
2021-08-14 00:00	18.04	18.43	17.17	18.09	1428825
2021-08-15 00:00	18.09	18.86	17.06	18.76	1404192
2021-08-16 00:00	18.76	21.13	18.44	19.07	3800932
2021-08-17 00:00	19.07	25.46	18.42	23.45	10172060
2021-08-18 00:00	23.45	30.89	21.45	29.99	12872486
2021-08-19 00:00	29.99	33.76	28.71	30.65	11884567
2021-08-20 00:00	30.65	39.23	29.94	39.16	8246878
2021-08-21 00:00	39.15	50.27	37.68	43.68	13275240
2021-08-22 00:00	43.69	45.03	40.54	43.66	8717136
2021-08-23 00:00	43.68	53.62	43.61	46.45	11058648
2021-08-24 00:00	46.41	58.98	44.15	55.47	13474195
2021-08-25 00:00	55.48	57.58	45.65	46.21	11480723
2021-08-26 00:00	46.21	48.46	41.20	41.32	9280745
2021-08-27 00:00	41.32	50.47	40.30	50.14	10990472
2021-08-28 00:00	50.12	51.79	46.12	50.20	7177355
2021-08-29 00:00	50.20	52.40	46.66	47.39	5176206
2021-08-30 00:00	47.43	48.33	41.00	41.44	6827456
2021-08-31 00:00	41.42	44.22	38.17	39.50	6855455
2021-09-01 00:00	39.51	45.71	38.55	42.47	7820565
2021-09-02 00:00	42.50	47.98	41.00	47.58	6481520
2021-09-03 00:00	47.60	51.66	44.45	45.89	9097581
2021-09-04 00:00	45.90	49.88	44.07	47.15	6077774
2021-09-05 00:00	47.19	49.40	45.44	48.15	5904566
2021-09-06 00:00	48.14	51.36	42.45	47.10	7931755
2021-09-07 00:00	47.11	47.20	32.23	37.93	12849082
2021-09-08 00:00	37.97	39.50	33.08	37.00	7464170
2021-09-09 00:00	37.03	44.60	36.21	40.77	10152472
2021-09-10 00:00	40.75	49.70	40.38	49.30	17253569
2021-09-11 00:00	49.33	59.25	48.11	57.02	16295877
2021-09-12 00:00	57.02	64.90	53.59	59.22	16140522
2021-09-13 00:00	59.21	60.92	47.66	53.15	17195118
2021-09-14 00:00	53.14	57.63	48.80	51.50	8170613
2021-09-15 00:00	51.51	58.18	50.30	57.84	6756120
2021-09-16 00:00	57.83	68.33	57.17	67.56	15000105
2021-09-17 00:00	67.59	70.90	60.36	70.11	10905638
2021-09-18 00:00	70.15	75.59	67.16	69.02	10521302
2021-09-19 00:00	69.02	76.27	66.42	70.07	9524516
2021-09-20 00:00	70.06	70.45	55.00	57.33	15410141
2021-09-21 00:00	57.34	66.24	52.55	58.98	15940616
2021-09-22 00:00	59.00	74.69	57.72	74.07	13033682
2021-09-23 00:00	74.04	79.80	72.76	76.44	11366733
2021-09-24 00:00	76.43	78.86	66.59	72.31	11472932
2021-09-25 00:00	72.30	72.60	67.50	68.28	4943092
2021-09-26 00:00	68.28	71.44	61.59	66.77	6395418
2021-09-27 00:00	66.77	72.69	65.31	66.33	5974797
2021-09-28 00:00	66.34	69.44	61.11	61.51	4765788
2021-09-29 00:00	61.51	69.50	61.26	65.46	6780268
2021-09-30 00:00	65.46	68.91	64.28	66.63	5085407
2021-10-01 00:00	66.64	69.58	63.12	67.67	6973697
2021-10-02 00:00	67.66	73.41	65.80	69.08	6536638
2021-10-03 00:00	69.09	71.61	67.55	68.69	4467380
2021-10-04 00:00	68.69	68.76	63.30	65.29	4826618
2021-10-05 00:00	65.26	66.78	62.70	64.60	3831546
2021-10-06 00:00	64.60	65.76	58.16	60.01	5068743
2021-10-07 00:00	60.00	62.29	57.39	61.52	4761671
2021-10-08 00:00	61.53	64.94	59.76	60.51	4392472
2021-10-09 00:00	60.52	62.04	59.70	60.63	1985293
2021-10-10 00:00	60.63	61.01	55.39	56.51	2515985
2021-10-11 00:00	56.50	59.23	53.76	55.30	3407217
2021-10-12 00:00	55.30	55.31	51.04	54.34	4070076
2021-10-13 00:00	54.33	57.09	53.23	55.01	3632029
2021-10-14 00:00	55.00	58.46	54.92	56.18	3000965
2021-10-15 00:00	56.18	57.61	54.44	56.36	2963351
2021-10-16 00:00	56.33	62.11	55.68	57.61	3915009
2021-10-17 00:00	57.62	58.55	53.27	56.10	2134532
2021-10-18 00:00	56.11	56.46	54.05	55.48	1553196
2021-10-19 00:00	55.47	58.10	55.12	56.80	1873649
2021-10-20 00:00	56.81	61.64	56.70	59.66	2707860
2021-10-21 00:00	59.66	64.35	58.78	61.48	3959045
2021-10-22 00:00	61.48	68.83	61.36	65.54	5522632
2021-10-23 00:00	65.54	69.18	64.51	65.38	2978512
2021-10-24 00:00	65.39	67.61	61.94	64.53	2184786
2021-10-25 00:00	64.53	69.90	64.35	69.73	2270510
2021-10-26 00:00	69.74	73.01	67.61	68.66	3840499
2021-10-27 00:00	68.68	69.82	57.02	61.57	4273333
2021-10-28 00:00	61.58	64.98	61.44	64.34	2484540
2021-10-29 00:00	64.34	66.19	63.43	64.87	1513129
2021-10-30 00:00	64.87	64.96	60.89	62.35	1483456
2021-10-31 00:00	62.33	64.50	60.09	64.50	1531108
2021-11-01 00:00	64.50	66.85	62.19	64.93	2515130
2021-11-02 00:00	64.94	68.04	64.26	67.74	1746664
2021-11-03 00:00	67.75	75.57	67.09	75.55	4504209
2021-11-04 00:00	75.56	80.91	73.91	78.97	4700363
2021-11-05 00:00	78.96	81.00	72.13	74.19	2367176
2021-11-06 00:00	74.19	78.72	72.32	78.72	1708816
2021-11-07 00:00	78.70	88.88	78.00	87.57	4847046
2021-11-08 00:00	87.56	96.92	83.61	91.18	6890789
2021-11-09 00:00	91.18	91.49	87.00	88.33	2716263
2021-11-10 00:00	88.35	94.00	78.31	85.23	4363348
2021-11-11 00:00	85.19	89.56	83.73	87.88	2085756
2021-11-12 00:00	87.86	89.88	81.11	84.78	2247304
2021-11-13 00:00	84.81	98.69	84.79	97.54	3519379
2021-11-14 00:00	97.56	99.90	91.65	95.40	3548730
2021-11-15 00:00	95.40	101.70	92.00	93.90	3771022
2021-11-16 00:00	93.86	101.82	83.50	97.84	5618824
2021-11-17 00:00	97.80	110.00	91.50	107.63	7144245
2021-11-18 00:00	107.62	110.41	92.00	100.63	5656385
2021-11-19 00:00	100.54	112.35	95.89	111.93	4039110
2021-11-20 00:00	111.91	129.94	111.57	125.83	5547019
2021-11-21 00:00	125.86	147.00	123.23	128.47	7608685
2021-11-22 00:00	128.52	145.00	125.76	134.84	6564403
2021-11-23 00:00	134.84	136.49	121.75	123.83	4210018
2021-11-24 00:00	123.83	124.68	112.64	115.24	4577799
2021-11-25 00:00	115.25	130.00	114.22	119.27	4680767
2021-11-26 00:00	119.25	119.87	101.31	104.27	4575853
2021-11-27 00:00	104.30	118.00	103.22	113.52	2842088
2021-11-28 00:00	113.55	113.97	100.57	110.42	3365819
2021-11-29 00:00	110.42	120.41	109.03	120.39	2516597
2021-11-30 00:00	120.39	124.80	114.00	120.41	3625487
2021-12-01 00:00	120.42	127.41	117.25	119.65	3007088
2021-12-02 00:00	119.64	119.75	106.88	107.78	2475901
2021-12-03 00:00	107.79	113.23	100.00	108.32	3316227
2021-12-04 00:00	108.36	108.81	76.57	93.05	6768753
2021-12-05 00:00	93.02	95.50	82.55	86.35	3562076
2021-12-06 00:00	86.34	94.90	77.00	92.97	5156001
2021-12-07 00:00	92.93	96.62	88.00	89.57	2882248
2021-12-08 00:00	89.54	93.22	86.00	93.19	1976752
2021-12-09 00:00	93.20	94.57	83.28	85.46	2603046
2021-12-10 00:00	85.41	91.78	80.22	80.61	3342388
2021-12-11 00:00	80.57	87.07	78.32	86.55	2325015
2021-12-12 00:00	86.55	88.97	82.94	88.00	1545308
2021-12-13 00:00	88.01	89.92	75.50	79.05	3605008
2021-12-14 00:00	79.05	87.46	76.31	87.17	2973948
2021-12-15 00:00	87.16	105.77	86.10	101.24	6449862
2021-12-16 00:00	101.28	110.00	98.00	98.21	4990052
2021-12-17 00:00	98.23	116.10	98.14	110.81	6159897
2021-12-18 00:00	110.82	117.39	105.51	115.90	3442968
2021-12-19 00:00	115.91	116.69	106.66	107.61	2141009
2021-12-20 00:00	107.61	116.33	100.96	113.55	4463756
2021-12-21 00:00	113.52	123.97	110.59	123.24	3712623
2021-12-22 00:00	123.23	127.32	115.55	116.69	2950219
2021-12-23 00:00	116.68	125.06	116.22	121.40	2527636
2021-12-24 00:00	121.45	124.57	113.19	114.94	2103889
2021-12-25 00:00	114.95	116.93	112.00	115.01	1700604
2021-12-26 00:00	114.99	118.00	109.28	115.02	1884356
2021-12-27 00:00	115.06	120.96	113.23	113.85	1738961
2021-12-28 00:00	113.85	116.73	104.33	107.06	2820705
2021-12-29 00:00	107.05	110.55	102.30	103.10	1941737
2021-12-30 00:00	103.10	105.40	98.25	101.75	1935844
2021-12-31 00:00	101.75	111.99	100.13	109.43	2473519
2022-01-01 00:00	109.43	114.50	108.42	114.13	1211838
2022-01-02 00:00	114.12	117.53	112.00	113.03	1158044
2022-01-03 00:00	113.02	114.13	106.01	108.11	1518826
2022-01-04 00:00	108.11	109.28	102.78	103.33	1647450
2022-01-05 00:00	103.33	106.66	90.40	97.42	2278232
2022-01-06 00:00	97.42	97.97	91.04	95.11	1633735
2022-01-07 00:00	95.10	95.54	85.00	86.74	2602807
2022-01-08 00:00	86.74	89.64	79.18	83.90	2469781
2022-01-09 00:00	83.87	91.88	82.46	89.33	1809193
2022-01-10 00:00	89.32	92.40	80.10	84.36	2836817
2022-01-11 00:00	84.42	91.00	83.21	89.59	1432039
2022-01-12 00:00	89.57	96.89	88.80	95.94	1757795
2022-01-13 00:00	95.95	97.26	89.08	89.65	1430592
2022-01-14 00:00	89.65	91.77	87.23	90.39	1200774
2022-01-15 00:00	90.40	94.44	89.47	92.98	915394
2022-01-16 00:00	92.98	94.90	91.80	92.24	968120
2022-01-17 00:00	92.25	92.50	85.34	86.67	1329027
2022-01-18 00:00	86.67	87.41	83.70	86.00	1042240
2022-01-19 00:00	86.03	86.38	81.08	82.61	1140262
2022-01-20 00:00	82.58	87.80	78.68	79.33	1226521
2022-01-21 00:00	79.32	80.38	63.93	66.06	3392917
2022-01-22 00:00	66.03	67.54	52.95	59.78	5109879
2022-01-23 00:00	59.81	66.88	59.02	64.83	2926732
2022-01-24 00:00	64.80	64.83	55.14	63.06	3701966
2022-01-25 00:00	63.00	70.53	61.65	68.01	2703410
2022-01-26 00:00	68.01	73.50	64.39	65.87	3401471
2022-01-27 00:00	65.87	67.96	61.06	64.70	2519865
2022-01-28 00:00	64.68	67.50	61.71	67.01	1791123
2022-01-29 00:00	67.02	73.58	66.86	71.89	1663347
2022-01-30 00:00	71.91	72.39	66.85	67.96	1308307
2022-01-31 00:00	67.94	70.65	64.25	69.87	1747852
2022-02-01 00:00	69.90	73.87	68.47	73.33	1951806
2022-02-02 00:00	73.32	74.86	67.43	67.79	2239602
2022-02-03 00:00	67.79	69.31	64.85	68.44	1792948
2022-02-04 00:00	68.44	77.95	67.43	77.77	2263869
2022-02-05 00:00	77.80	80.93	74.94	77.01	1701257
2022-02-06 00:00	77.01	79.15	74.10	78.93	1114570
2022-02-07 00:00	78.91	85.42	77.44	83.20	1880108
2022-02-08 00:00	83.23	95.50	81.65	86.34	5246547
2022-02-09 00:00	86.35	92.03	84.34	90.05	1775327
2022-02-10 00:00	90.05	95.00	84.93	91.16	2655267
2022-02-11 00:00	91.18	92.66	80.00	81.75	2423397
2022-02-12 00:00	81.76	84.80	78.65	81.31	2174152
2022-02-13 00:00	81.29	83.28	77.49	77.91	1169124
2022-02-14 00:00	77.93	82.60	76.14	81.86	1524780
2022-02-15 00:00	81.84	93.68	81.41	92.97	2302086
2022-02-16 00:00	92.96	97.35	91.44	95.32	2886358
2022-02-17 00:00	95.33	98.77	86.32	88.24	3178306
2022-02-18 00:00	88.24	89.99	82.35	83.67	2364811
2022-02-19 00:00	83.69	86.34	80.82	85.01	1585017
2022-02-20 00:00	85.01	85.73	76.56	77.37	1852340
2022-02-21 00:00	77.34	82.70	69.38	70.04	3597864
2022-02-22 00:00	70.03	74.94	67.20	74.42	3024971
2022-02-23 00:00	74.42	82.50	73.28	73.47	3483843
2022-02-24 00:00	73.46	79.98	64.45	76.39	7823426
2022-02-25 00:00	76.39	81.99	72.68	80.98	3877831
2022-02-26 00:00	80.98	84.95	78.02	81.81	2805775
2022-02-27 00:00	81.81	83.07	73.02	75.07	3335191
2022-02-28 00:00	75.06	85.88	71.76	84.54	3897170
2022-03-01 00:00	84.54	90.80	83.48	86.89	4518219
2022-03-02 00:00	86.89	89.94	82.29	83.36	3048773
2022-03-03 00:00	83.35	84.33	77.02	78.50	2972237
2022-03-04 00:00	78.50	82.24	74.92	75.79	3854437
2022-03-05 00:00	75.78	78.74	73.27	76.68	1992708
2022-03-06 00:00	76.69	77.10	72.09	72.51	1937138
2022-03-07 00:00	72.51	76.53	70.35	71.69	2451762
2022-03-08 00:00	71.67	76.62	71.19	73.00	3044499
2022-03-09 00:00	73.02	80.44	72.34	77.63	3319763
2022-03-10 00:00	77.60	79.00	71.50	73.93	2525823
2022-03-11 00:00	73.93	76.97	70.79	71.22	3182854
2022-03-12 00:00	71.23	73.62	70.67	70.94	1178799
2022-03-13 00:00	70.93	71.99	67.21	67.94	1213904
2022-03-14 00:00	67.92	71.50	65.55	68.97	2929328
2022-03-15 00:00	68.97	72.24	66.04	69.82	2273426
2022-03-16 00:00	69.82	74.72	68.07	74.08	2656103
2022-03-17 00:00	74.07	81.73	73.16	79.40	3601776
2022-03-18 00:00	79.40	86.95	76.48	85.71	3592896
2022-03-19 00:00	85.72	92.39	85.58	89.53	3285991
2022-03-20 00:00	89.54	89.98	84.26	84.84	2818709
2022-03-21 00:00	84.87	92.50	83.02	86.25	4200167
2022-03-22 00:00	86.24	89.89	83.70	83.98	3258883
2022-03-23 00:00	83.97	87.30	82.21	86.00	2634035
2022-03-24 00:00	85.99	88.30	83.63	87.56	2937546
2022-03-25 00:00	87.57	87.80	82.25	83.54	2533908
2022-03-26 00:00	83.54	86.74	82.46	85.86	1351168
2022-03-27 00:00	85.87	89.99	84.40	89.88	1652028
2022-03-28 00:00	89.88	96.23	88.58	89.58	3901660
2022-03-29 00:00	89.57	96.46	89.27	92.74	2945750
2022-03-30 00:00	92.73	100.48	89.50	95.58	3529243
2022-03-31 00:00	95.57	101.98	93.68	97.41	4417362
2022-04-01 00:00	97.43	99.80	90.26	96.83	3361565
2022-04-02 00:00	96.81	103.62	95.73	96.25	3326803
2022-04-03 00:00	96.25	100.09	94.41	98.05	2730536
2022-04-04 00:00	98.02	98.08	90.81	96.16	2601380
2022-04-05 00:00	96.16	97.70	90.60	91.06	2436985
2022-04-06 00:00	91.07	91.11	82.63	82.94	3527243
2022-04-07 00:00	82.94	88.66	81.34	87.55	3393238
2022-04-08 00:00	87.56	90.56	82.69	83.66	3190462
2022-04-09 00:00	83.66	85.56	81.88	84.55	1369623
2022-04-10 00:00	84.57	85.66	80.67	81.01	1120128
2022-04-11 00:00	81.00	81.54	72.73	74.35	3031402
2022-04-12 00:00	74.35	79.50	73.88	76.31	2147576
2022-04-13 00:00	76.32	80.65	75.80	80.20	1681254
2022-04-14 00:00	80.20	81.87	76.16	76.81	1742426
2022-04-15 00:00	76.80	78.53	74.75	77.43	1318764
2022-04-16 00:00	77.44	78.26	76.50	77.74	616982
2022-04-17 00:00	77.74	78.68	75.08	75.42	777308
2022-04-18 00:00	75.41	77.95	71.50	77.73	1813178
2022-04-19 00:00	77.73	81.10	76.80	80.28	1468605
2022-04-20 00:00	80.27	81.31	77.46	78.21	1498408
2022-04-21 00:00	78.22	80.21	74.13	75.02	1363836
2022-04-22 00:00	75.01	77.22	73.33	74.03	1262452
2022-04-23 00:00	74.04	74.42	72.35	72.83	865931
2022-04-24 00:00	72.84	73.49	71.00	71.51	671957
2022-04-25 00:00	71.50	72.99	67.36	72.88	2018073
2022-04-26 00:00	72.90	73.18	67.50	68.70	1568776
2022-04-27 00:00	68.70	71.98	68.32	69.86	1174025
2022-04-28 00:00	69.86	70.76	66.65	67.26	1530752
2022-04-29 00:00	67.26	67.99	62.20	63.40	1419814
2022-04-30 00:00	63.40	64.65	55.05	56.98	2394054
2022-05-01 00:00	56.98	61.14	56.27	58.77	2344786
2022-05-02 00:00	58.74	62.46	56.74	60.34	2856322
2022-05-03 00:00	60.34	62.55	58.12	59.63	1687293
2022-05-04 00:00	59.63	67.64	59.30	67.27	2409858
2022-05-05 00:00	67.28	69.52	56.51	59.04	4442866
2022-05-06 00:00	59.04	59.40	55.00	57.00	2823474
2022-05-07 00:00	57.00	57.53	53.24	55.04	1899343
2022-05-08 00:00	55.05	55.47	50.63	51.62	3164027
2022-05-09 00:00	51.62	53.06	41.15	41.20	5783866
2022-05-10 00:00	41.20	50.32	40.00	44.58	6888645
2022-05-11 00:00	44.58	46.25	26.11	31.17	12957438
2022-05-12 00:00	31.17	33.94	23.51	30.32	11603393
2022-05-13 00:00	30.31	37.99	29.55	32.21	7406076
2022-05-14 00:00	32.20	34.32	29.27	33.93	4033872
2022-05-15 00:00	33.93	37.07	31.87	36.57	3612468
2022-05-16 00:00	36.56	36.56	31.40	32.56	4738631
2022-05-17 00:00	32.56	35.77	32.20	34.39	3323943
2022-05-18 00:00	34.40	35.16	29.37	29.58	3401282
2022-05-19 00:00	29.59	31.89	27.51	30.39	4764040
2022-05-20 00:00	30.39	31.93	27.83	28.80	4867080
2022-05-21 00:00	28.80	30.61	28.19	29.89	2170921
2022-05-22 00:00	29.89	32.70	29.01	31.71	3776240
2022-05-23 00:00	31.71	33.08	28.54	29.06	4622323
2022-05-24 00:00	29.06	29.66	26.87	29.08	4252003
2022-05-25 00:00	29.07	29.68	27.11	27.25	3492252
2022-05-26 00:00	27.25	28.03	22.84	23.43	7356699
2022-05-27 00:00	23.42	23.88	21.35	22.58	7883454
2022-05-28 00:00	22.57	25.73	22.17	24.76	5080741
2022-05-29 00:00	24.76	27.00	23.72	26.16	5202170
2022-05-30 00:00	26.16	28.48	25.32	27.71	6453877
2022-05-31 00:00	27.71	29.11	25.55	26.42	6373018
2022-06-01 00:00	26.43	27.03	23.20	23.68	5324361
2022-06-02 00:00	23.68	24.90	22.50	24.63	4487925
2022-06-03 00:00	24.64	24.70	22.50	23.00	3151489
2022-06-04 00:00	23.00	24.67	22.14	24.57	2473023
2022-06-05 00:00	24.58	25.20	23.93	24.18	2625058
2022-06-06 00:00	24.18	27.79	24.05	25.99	5561162
2022-06-07 00:00	26.00	26.21	23.12	24.60	7022341
2022-06-08 00:00	24.60	25.45	23.72	24.50	3467788
2022-06-09 00:00	24.51	25.38	23.72	24.41	3067709
2022-06-10 00:00	24.42	24.87	21.91	22.08	3882138
2022-06-11 00:00	22.07	23.02	19.67	19.90	4541840
2022-06-12 00:00	19.91	20.16	17.21	17.29	8238725
2022-06-13 00:00	17.29	17.50	14.58	16.11	14887352
2022-06-14 00:00	16.11	17.30	14.67	16.55	9764661
2022-06-15 00:00	16.55	18.48	14.55	18.31	10722689
2022-06-16 00:00	18.31	18.72	15.50	15.79	6687192
2022-06-17 00:00	15.80	16.74	15.50	15.99	3481380
2022-06-18 00:00	16.00	16.30	13.78	14.83	5914915
2022-06-19 00:00	14.83	16.42	13.71	16.16	5184663
2022-06-20 00:00	16.17	17.87	15.32	17.10	5578873
2022-06-21 00:00	17.10	18.49	16.62	16.90	4575062
2022-06-22 00:00	16.91	17.41	15.97	16.09	4116329
2022-06-23 00:00	16.08	18.40	16.03	18.29	4696453
2022-06-24 00:00	18.29	20.95	17.98	20.47	5578358
2022-06-25 00:00	20.47	21.68	19.86	21.36	3711017
2022-06-26 00:00	21.37	22.05	19.60	19.73	3450142
2022-06-27 00:00	19.73	21.39	19.18	19.32	3809425
2022-06-28 00:00	19.33	20.53	17.99	18.12	4833571
2022-06-29 00:00	18.11	18.68	17.18	17.79	3932909
2022-06-30 00:00	17.79	17.81	15.79	16.99	3832241
2022-07-01 00:00	16.98	17.68	15.80	16.12	4909702
2022-07-02 00:00	16.12	16.61	15.96	16.33	1938347
2022-07-03 00:00	16.33	16.90	15.83	16.65	2286106
2022-07-04 00:00	16.65	18.06	16.31	17.92	3951201
2022-07-05 00:00	17.92	18.65	16.66	18.03	4833499
2022-07-06 00:00	18.03	19.47	17.79	19.17	4492464
2022-07-07 00:00	19.17	20.60	18.86	20.18	3902237
2022-07-08 00:00	20.18	21.12	19.42	19.72	4364370
2022-07-09 00:00	19.72	20.27	19.49	19.89	1908124
2022-07-10 00:00	19.90	19.99	18.76	19.16	1947064
2022-07-11 00:00	19.17	19.17	17.32	17.35	2340923
2022-07-12 00:00	17.34	18.07	16.71	16.75	2848043
2022-07-13 00:00	16.75	18.92	16.37	18.83	5091602
2022-07-14 00:00	18.82	19.98	17.78	19.76	4728523
2022-07-15 00:00	19.76	20.28	19.09	19.35	3456067
2022-07-16 00:00	19.36	21.50	18.67	21.25	3962441
2022-07-17 00:00	21.25	22.12	20.57	20.63	3027265
2022-07-18 00:00	20.62	24.33	20.59	23.95	6123441
2022-07-19 00:00	23.95	26.29	23.03	24.72	6903702
2022-07-20 00:00	24.71	26.38	23.35	23.59	6483722
2022-07-21 00:00	23.59	25.46	22.64	24.99	4562138
2022-07-22 00:00	24.99	25.55	23.59	23.63	3745406
2022-07-23 00:00	23.64	24.66	22.83	23.60	2405319
2022-07-24 00:00	23.59	24.47	23.23	23.79	2197585
2022-07-25 00:00	23.79	23.85	20.89	20.92	3849483
2022-07-26 00:00	20.93	20.99	19.55	20.71	2583185
2022-07-27 00:00	20.72	23.49	20.21	23.39	4295345
2022-07-28 00:00	23.38	24.69	22.42	24.20	5657426
2022-07-29 00:00	24.21	25.37	23.46	24.49	4715502
2022-07-30 00:00	24.49	25.83	23.91	24.23	3897926
2022-07-31 00:00	24.24	25.22	23.53	23.72	2309638
2022-08-01 00:00	23.72	24.33	22.96	23.57	2663306
2022-08-02 00:00	23.58	24.00	22.24	22.85	2826898
2022-08-03 00:00	22.85	24.19	22.28	23.04	2494083
2022-08-04 00:00	23.04	24.00	22.88	23.36	1992505
2022-08-05 00:00	23.36	24.98	23.11	24.95	2971499
2022-08-06 00:00	24.95	26.94	24.71	26.63	3518558
2022-08-07 00:00	26.64	28.50	25.82	27.90	3667716
2022-08-08 00:00	27.89	30.89	27.57	27.91	5280905
2022-08-09 00:00	27.90	28.81	26.96	27.42	3738591
2022-08-10 00:00	27.41	30.20	26.60	29.18	4779365
2022-08-11 00:00	29.17	30.09	28.31	28.53	3518810
2022-08-12 00:00	28.53	29.45	28.07	29.34	2022595
2022-08-13 00:00	29.33	30.35	28.87	29.16	2360636
2022-08-14 00:00	29.16	29.85	27.84	28.18	2248798
2022-08-15 00:00	28.19	29.30	27.03	27.88	2302981
2022-08-16 00:00	27.87	28.41	26.93	27.10	1937390
2022-08-17 00:00	27.11	28.23	25.26	25.55	2780130
2022-08-18 00:00	25.56	26.29	23.95	24.21	1882812
2022-08-19 00:00	24.20	24.43	21.32	22.44	4154442
2022-08-20 00:00	22.44	23.09	21.63	22.30	2536949
2022-08-21 00:00	22.30	23.55	22.15	22.97	2347720
2022-08-22 00:00	22.98	23.00	21.61	22.55	2134394
2022-08-23 00:00	22.56	23.74	21.83	23.50	2723317
2022-08-24 00:00	23.52	23.64	22.81	23.01	1855250
2022-08-25 00:00	23.02	23.65	22.67	22.99	1650083
2022-08-26 00:00	22.99	23.23	20.34	20.66	3845416
2022-08-27 00:00	20.65	20.91	19.79	20.03	2353273
2022-08-28 00:00	20.04	20.47	18.05	18.53	2507668
2022-08-29 00:00	18.53	19.47	17.48	19.32	5228398
2022-08-30 00:00	19.32	20.66	18.87	19.39	4782332
2022-08-31 00:00	19.40	20.07	18.99	19.14	2920746
2022-09-01 00:00	19.14	19.47	18.33	19.33	2038645
2022-09-02 00:00	19.32	19.66	18.68	18.86	2013676
2022-09-03 00:00	18.86	19.01	18.57	18.89	870407
2022-09-04 00:00	18.89	19.15	18.73	19.01	1138302
2022-09-05 00:00	19.02	19.49	18.44	19.44	1356202
2022-09-06 00:00	19.45	20.49	18.15	18.21	3456169
2022-09-07 00:00	18.21	19.31	17.84	19.01	1889646
2022-09-08 00:00	19.00	19.16	18.40	19.13	1854421
2022-09-09 00:00	19.13	20.81	19.10	20.38	2646968
2022-09-10 00:00	20.39	21.17	20.04	20.44	2316773
2022-09-11 00:00	20.44	20.95	19.95	20.68	1722031
2022-09-12 00:00	20.67	21.91	20.06	21.38	4691691
2022-09-13 00:00	21.38	21.80	18.76	18.87	4535353
2022-09-14 00:00	18.87	19.31	18.44	19.12	2493006
2022-09-15 00:00	19.12	19.37	18.09	18.21	2502986
2022-09-16 00:00	18.21	18.31	17.56	18.05	2145997
2022-09-17 00:00	18.05	18.59	18.04	18.48	1309858
2022-09-18 00:00	18.48	18.78	16.29	16.70	3635258
2022-09-19 00:00	16.70	17.38	16.39	17.28	2421141
2022-09-20 00:00	17.28	17.43	16.58	16.65	1817320
2022-09-21 00:00	16.65	17.94	16.19	16.55	3112024
2022-09-22 00:00	16.54	17.88	16.39	17.68	2033310
2022-09-23 00:00	17.68	18.24	17.15	17.97	1946913
2022-09-24 00:00	17.97	18.19	17.54	17.60	1140104
2022-09-25 00:00	17.60	17.88	17.13	17.32	855656
2022-09-26 00:00	17.32	17.59	16.97	17.57	1339953
2022-09-27 00:00	17.57	18.50	16.99	17.30	3035372
2022-09-28 00:00	17.30	17.45	16.73	17.26	1969849
2022-09-29 00:00	17.26	17.39	16.88	17.35	1201151
2022-09-30 00:00	17.35	17.74	17.01	17.20	1993022
2022-10-01 00:00	17.21	17.30	16.86	16.95	615303
2022-10-02 00:00	16.96	17.18	16.47	16.53	1073626
2022-10-03 00:00	16.54	17.32	16.34	17.14	1488992
2022-10-04 00:00	17.15	17.55	17.07	17.44	1156813
2022-10-05 00:00	17.45	17.49	16.94	17.39	1304915
2022-10-06 00:00	17.39	17.67	16.98	17.04	1152159
2022-10-07 00:00	17.04	17.17	16.72	16.90	1022829
2022-10-08 00:00	16.90	16.99	16.62	16.79	338805
2022-10-09 00:00	16.79	16.99	16.70	16.90	413181
2022-10-10 00:00	16.90	17.24	16.17	16.21	1180867
2022-10-11 00:00	16.21	16.32	15.59	15.95	1531347
2022-10-12 00:00	15.95	16.17	15.83	15.96	695793
2022-10-13 00:00	15.95	15.99	14.42	15.66	3241583
2022-10-14 00:00	15.65	16.40	15.54	15.67	1482835
2022-10-15 00:00	15.67	15.78	15.36	15.43	578853
2022-10-16 00:00	15.42	15.88	15.41	15.75	854359
2022-10-17 00:00	15.75	16.27	15.65	16.18	1240482
2022-10-18 00:00	16.17	16.36	15.54	15.88	1505186
2022-10-19 00:00	15.87	15.92	15.01	15.06	1800652
2022-10-20 00:00	15.06	15.48	14.87	15.14	1584775
2022-10-21 00:00	15.15	15.75	14.58	15.69	1889818
2022-10-22 00:00	15.69	15.93	15.52	15.69	691552
2022-10-23 00:00	15.69	16.42	15.59	16.31	1417137
2022-10-24 00:00	16.31	16.49	15.63	15.75	1061756
2022-10-25 00:00	15.75	17.05	15.59	16.64	2101237
2022-10-26 00:00	16.63	17.34	16.63	17.00	2024522
2022-10-27 00:00	17.00	17.51	16.82	16.88	2139424
2022-10-28 00:00	16.89	18.40	16.73	18.33	2746865
2022-10-29 00:00	18.33	18.90	18.16	18.29	2029343
2022-10-30 00:00	18.29	18.83	17.92	18.26	1630446
2022-10-31 00:00	18.25	19.83	18.18	19.28	3180226
2022-11-01 00:00	19.28	19.53	18.57	18.62	1700389
2022-11-02 00:00	18.63	18.77	17.43	17.91	2489372
2022-11-03 00:00	17.92	18.87	17.80	18.03	1412606
2022-11-04 00:00	18.03	19.69	17.88	19.38	2209239
2022-11-05 00:00	19.39	20.63	19.18	19.61	2449408
2022-11-06 00:00	19.60	19.75	18.17	18.23	1244582
2022-11-07 00:00	18.23	18.87	17.73	18.08	1904631
2022-11-08 00:00	18.08	18.16	14.82	16.02	7034583
2022-11-09 00:00	16.02	16.16	12.03	12.91	6218371
2022-11-10 00:00	12.92	15.94	12.68	15.42	4437984
2022-11-11 00:00	15.41	15.46	13.58	14.13	3576745
2022-11-12 00:00	14.13	14.15	12.89	13.09	1560388
2022-11-13 00:00	13.10	13.36	12.70	13.02	1769995
2022-11-14 00:00	13.03	13.61	12.06	13.14	2871444
2022-11-15 00:00	13.14	14.01	13.02	13.51	1631771
2022-11-16 00:00	13.52	13.75	12.81	13.07	1270806
2022-11-17 00:00	13.07	13.36	12.64	12.87	1670755
2022-11-18 00:00	12.86	13.32	12.85	13.00	1340100
2022-11-19 00:00	13.00	13.00	12.49	12.89	700550
2022-11-20 00:00	12.90	13.14	12.07	12.19	1130793
2022-11-21 00:00	12.19	12.20	11.57	11.82	1802758
2022-11-22 00:00	11.82	12.38	11.44	12.36	2052135
2022-11-23 00:00	12.36	13.07	12.35	13.06	1871797
2022-11-24 00:00	13.07	13.40	12.75	12.95	1359058
2022-11-25 00:00	12.95	13.04	12.52	12.82	915849
2022-11-26 00:00	12.82	13.25	12.62	12.78	904098
2022-11-27 00:00	12.77	13.26	12.69	12.86	893692
2022-11-28 00:00	12.86	12.99	11.99	12.45	1801128
2022-11-29 00:00	12.46	12.72	12.28	12.47	1719091
2022-11-30 00:00	12.47	13.18	12.46	13.18	777547
2022-12-01 00:00	13.20	13.32	12.82	12.89	10197
2022-12-02 00:00	12.93	13.66	12.79	13.58	22863
2022-12-03 00:00	13.59	13.90	13.30	13.43	18423
2022-12-04 00:00	13.41	13.94	13.41	13.93	9961
2022-12-05 00:00	13.94	14.34	13.43	13.60	12248
2022-12-06 00:00	13.60	13.68	13.45	13.65	6239
2022-12-07 00:00	13.69	13.70	13.00	13.27	13748
2022-12-08 00:00	13.27	13.51	13.07	13.41	6438
2022-12-09 00:00	13.46	13.59	13.36	13.44	4732
2022-12-10 00:00	13.42	13.57	13.35	13.46	2843
2022-12-11 00:00	13.47	13.50	12.93	12.98	4197
2022-12-12 00:00	12.96	13.05	12.52	12.99	7842
2022-12-13 00:00	12.96	14.33	12.61	13.75	20063
2022-12-14 00:00	13.76	14.18	13.57	13.70	9744
2022-12-15 00:00	13.73	13.87	13.09	13.13	10565
2022-12-16 00:00	13.15	13.27	11.61	11.61	7025
2022-12-17 00:00	11.84	11.97	11.54	11.93	3797
2022-12-18 00:00	11.93	12.01	11.79	11.97	2603
2022-12-19 00:00	11.94	12.09	11.17	11.40	5437
2022-12-20 00:00	11.37	12.01	11.37	11.95	6659
2022-12-21 00:00	11.96	11.96	11.64	11.70	1839
2022-12-22 00:00	11.67	11.82	11.46	11.81	2167
2022-12-23 00:00	11.86	11.87	11.70	11.77	5321
2022-12-24 00:00	11.77	11.84	11.65	11.68	1185
2022-12-25 00:00	11.65	11.73	11.52	11.67	1604
2022-12-26 00:00	11.67	11.78	11.57	11.72	2336
2022-12-27 00:00	11.73	11.79	11.55	11.64	2297
2022-12-28 00:00	11.66	11.66	11.10	11.20	4672
2022-12-29 00:00	11.19	11.22	10.63	10.98	8671
2022-12-30 00:00	10.96	10.96	10.58	10.84	2725
2022-12-31 00:00	10.86	11.05	10.84	10.86	2318
2023-01-01 00:00	10.87	10.92	10.66	10.87	2305
2023-01-02 00:00	10.87	11.28	10.75	11.15	12478
2023-01-03 00:00	11.12	11.54	11.06	11.37	9574
2023-01-04 00:00	11.39	12.26	11.37	12.07	14371
2023-01-05 00:00	12.09	12.16	11.68	11.75	2876
2023-01-06 00:00	11.73	11.82	11.36	11.76	6134
2023-01-07 00:00	11.76	11.85	11.66	11.72	2152
2023-01-08 00:00	11.75	12.16	11.59	12.07	2949
2023-01-09 00:00	12.09	12.65	12.07	12.25	6677
2023-01-10 00:00	12.29	12.93	12.03	12.73	6694
2023-01-11 00:00	12.69	16.55	12.27	15.89	67911
2023-01-12 00:00	15.86	16.46	14.75	15.45	41339
2023-01-13 00:00	15.43	16.58	14.97	15.96	34256
2023-01-14 00:00	15.92	18.55	15.84	16.93	93612
2023-01-15 00:00	16.93	17.07	16.02	16.78	25060
2023-01-16 00:00	16.76	17.30	16.06	16.76	22202
2023-01-17 00:00	16.68	18.20	16.54	17.09	30054
2023-01-18 00:00	17.16	17.40	15.61	15.81	43417
2023-01-19 00:00	15.85	16.29	15.73	16.19	10238
2023-01-20 00:00	16.18	17.55	15.89	17.50	22613
2023-01-21 00:00	17.48	17.73	16.86	16.86	34174
2023-01-22 00:00	16.86	18.44	16.82	17.38	40350
2023-01-23 00:00	17.34	18.30	17.28	17.95	23099
2023-01-24 00:00	17.96	18.95	16.81	16.98	30721
2023-01-25 00:00	17.00	18.25	16.54	17.77	19975
2023-01-26 00:00	17.83	18.78	17.80	18.09	25572
2023-01-27 00:00	18.06	21.67	17.49	21.18	73585
2023-01-28 00:00	21.18	21.79	20.08	20.55	58144
2023-01-29 00:00	20.54	21.15	20.19	21.02	28424
2023-01-30 00:00	21.00	21.29	19.30	19.75	91949
2023-01-31 00:00	19.73	20.17	19.32	19.85	17713
2023-02-01 00:00	19.88	21.03	18.72	20.93	60657
2023-02-02 00:00	20.98	22.77	20.89	21.22	108150
2023-02-03 00:00	21.21	21.91	20.74	21.42	26511
2023-02-04 00:00	21.33	21.67	20.86	21.04	18272
2023-02-05 00:00	21.03	21.13	19.72	20.09	31044
2023-02-06 00:00	20.08	20.42	19.45	19.55	7201
2023-02-07 00:00	19.55	20.97	19.53	20.84	23028
2023-02-08 00:00	20.86	21.01	19.64	20.08	14111
2023-02-09 00:00	20.11	20.24	17.55	17.88	51266
2023-02-10 00:00	17.89	18.23	17.49	17.81	21496
2023-02-11 00:00	17.77	18.10	17.67	18.04	6057
2023-02-12 00:00	18.01	18.47	17.54	17.78	30005
2023-02-13 00:00	17.75	17.85	16.84	17.61	28392
2023-02-14 00:00	17.60	18.28	17.31	18.13	18332
2023-02-15 00:00	18.12	19.95	17.93	19.95	13484
2023-02-16 00:00	19.96	20.39	18.58	18.63	23502
2023-02-17 00:00	18.58	19.63	18.49	19.48	9193
2023-02-18 00:00	19.53	20.09	19.33	19.53	17734
2023-02-19 00:00	19.54	20.39	19.30	19.84	10426
2023-02-20 00:00	19.83	21.35	18.96	20.83	26770
2023-02-21 00:00	20.88	21.64	19.91	20.96	26388
2023-02-22 00:00	20.98	21.53	19.59	20.32	32164
2023-02-23 00:00	20.33	20.73	19.53	19.71	11293
2023-02-24 00:00	19.69	19.81	18.07	18.40	10826
2023-02-25 00:00	18.40	18.59	17.48	17.98	10604
2023-02-26 00:00	17.93	18.56	17.83	18.42	3670
2023-02-27 00:00	18.44	18.63	17.73	17.92	6752
2023-02-28 00:00	17.94	17.94	16.96	17.06	8320
2023-03-01 00:00	17.05	17.81	17.00	17.75	4169
2023-03-02 00:00	17.78	17.84	17.13	17.46	4409
2023-03-03 00:00	17.38	17.46	15.80	16.66	16898
2023-03-04 00:00	16.66	16.88	15.76	16.13	11957
2023-03-05 00:00	16.14	16.51	16.08	16.18	6115
2023-03-06 00:00	16.14	16.68	15.84	16.54	19509
2023-03-07 00:00	16.52	16.73	15.86	16.18	18895
2023-03-08 00:00	16.17	16.23	15.01	15.12	15927
2023-03-09 00:00	15.15	15.68	14.21	14.41	20393
2023-03-10 00:00	14.43	15.18	13.89	14.79	29346
2023-03-11 00:00	14.83	15.18	13.94	14.55	14537
2023-03-12 00:00	14.47	16.28	14.21	16.16	29741
2023-03-13 00:00	16.18	16.75	15.45	16.45	23731
2023-03-14 00:00	16.48	17.91	16.09	17.12	43243
2023-03-15 00:00	17.19	17.42	15.36	15.55	31075
2023-03-16 00:00	15.51	16.08	15.25	15.90	11054
2023-03-17 00:00	15.81	17.75	15.63	17.63	9715
2023-03-18 00:00	17.67	18.18	16.88	16.98	12415
2023-03-19 00:00	17.00	18.07	16.98	17.48	4678
2023-03-20 00:00	17.53	17.77	16.54	16.63	6595
2023-03-21 00:00	16.64	17.53	16.34	17.46	5628
2023-03-22 00:00	17.38	17.92	16.27	16.73	12080
2023-03-23 00:00	16.75	17.84	16.58	17.56	16954
2023-03-24 00:00	17.56	17.64	16.68	16.97	10050
2023-03-25 00:00	16.93	17.13	16.40	16.89	9083
2023-03-26 00:00	16.91	17.29	16.87	17.16	8147
2023-03-27 00:00	17.11	17.16	16.10	16.52	8787
2023-03-28 00:00	16.43	16.83	16.31	16.71	9174
2023-03-29 00:00	16.71	17.41	16.66	17.30	9863
2023-03-30 00:00	17.32	17.56	16.92	17.23	7544
2023-03-31 00:00	17.27	17.83	17.09	17.71	7244
2023-04-01 00:00	17.72	17.88	17.56	17.80	5592
2023-04-02 00:00	17.82	17.84	17.07	17.26	4012
2023-04-03 00:00	17.18	17.44	16.66	17.10	5300
2023-04-04 00:00	17.08	17.65	16.98	17.65	4031
2023-04-05 00:00	17.66	18.37	17.63	17.99	7131
2023-04-06 00:00	17.93	18.34	17.66	17.98	2990
2023-04-07 00:00	17.98	18.12	17.44	17.59	3697
2023-04-08 00:00	17.58	17.73	17.35	17.45	1879
2023-04-09 00:00	17.49	17.63	17.26	17.54	1314
2023-04-10 00:00	17.58	17.96	17.39	17.93	5384
2023-04-11 00:00	17.89	18.62	17.88	18.17	9215
2023-04-12 00:00	18.18	18.70	17.68	18.26	14224
2023-04-13 00:00	18.26	19.04	18.12	18.83	6004
2023-04-14 00:00	18.83	19.30	18.48	19.23	18203
2023-04-15 00:00	19.22	19.50	19.01	19.08	6899
2023-04-16 00:00	19.05	20.50	18.86	20.18	10763
2023-04-17 00:00	20.13	21.24	19.97	20.53	19417
2023-04-18 00:00	20.51	21.55	20.29	21.23	10036
2023-04-19 00:00	21.20	21.23	18.61	18.98	15743
2023-04-20 00:00	18.93	19.41	18.22	18.32	11629
2023-04-21 00:00	18.37	18.50	16.66	16.93	14607
2023-04-22 00:00	16.93	17.35	16.83	17.20	5286
2023-04-23 00:00	17.23	17.24	16.55	16.83	5389
2023-04-24 00:00	16.82	17.24	16.56	16.92	4675
2023-04-25 00:00	16.93	17.75	16.77	17.66	3048
2023-04-26 00:00	17.58	18.22	16.26	17.19	6420
2023-04-27 00:00	17.13	17.92	17.11	17.75	5833
2023-04-28 00:00	17.68	17.80	17.25	17.56	1158
2023-04-29 00:00	17.52	17.72	17.32	17.48	4930
2023-04-30 00:00	17.43	17.83	17.08	17.08	3133
2023-05-01 00:00	17.08	17.21	16.52	16.66	4032
2023-05-02 00:00	16.58	16.94	16.50	16.85	1930
2023-05-03 00:00	16.82	17.34	16.37	17.20	6466
2023-05-04 00:00	17.23	17.26	16.80	16.88	4282
2023-05-05 00:00	16.93	17.41	16.77	17.36	6241
2023-05-06 00:00	17.33	17.49	16.44	16.58	10438
2023-05-07 00:00	16.59	16.72	16.29	16.38	2744
2023-05-08 00:00	16.38	16.50	14.91	15.40	13201
2023-05-09 00:00	15.40	15.57	15.23	15.33	2696
2023-05-10 00:00	15.36	15.73	14.74	15.53	11565
2023-05-11 00:00	15.51	15.53	14.79	15.00	3072
2023-05-12 00:00	14.93	15.19	14.55	15.14	1908
2023-05-13 00:00	15.16	15.16	14.92	14.94	620
2023-05-14 00:00	14.94	15.15	14.83	15.02	544
2023-05-15 00:00	14.95	15.34	14.83	15.07	1734
2023-05-16 00:00	15.09	15.11	14.74	14.89	1713
2023-05-17 00:00	14.90	15.30	14.65	15.14	1940
2023-05-18 00:00	15.14	15.16	14.46	14.69	2098
2023-05-19 00:00	14.68	14.83	14.58	14.70	1352
2023-05-20 00:00	14.66	14.70	14.54	14.62	804
2023-05-21 00:00	14.66	14.66	14.19	14.35	2889
2023-05-22 00:00	14.33	14.78	14.10	14.68	1930
2023-05-23 00:00	14.65	14.92	14.62	14.71	3953
2023-05-24 00:00	14.68	14.71	14.02	14.18	1322
2023-05-25 00:00	14.08	14.23	13.73	14.10	2313
2023-05-26 00:00	14.06	14.37	13.97	14.33	1471
2023-05-27 00:00	14.36	14.60	14.26	14.52	4446
2023-05-28 00:00	14.54	15.04	14.25	14.90	5863
2023-05-29 00:00	14.88	14.96	14.37	14.49	5577
2023-05-30 00:00	14.46	14.73	14.38	14.44	4611
2023-05-31 00:00	14.39	14.45	13.98	14.11	1608
2023-06-01 00:00	14.08	14.29	13.85	14.09	2089
2023-06-02 00:00	14.11	14.55	13.98	14.49	985
2023-06-03 00:00	14.50	14.58	14.43	14.56	624
2023-06-04 00:00	14.56	14.92	14.51	14.77	2014
2023-06-05 00:00	14.79	14.89	13.50	13.88	24723
2023-06-06 00:00	13.88	14.68	13.84	14.57	15858
2023-06-07 00:00	14.58	14.69	13.27	13.88	11128
2023-06-08 00:00	13.85	14.05	13.40	13.94	5097
2023-06-09 00:00	13.92	14.23	13.00	13.52	18800
2023-06-10 00:00	13.52	13.74	10.71	11.66	18557
2023-06-11 00:00	11.60	11.78	11.35	11.56	4752
2023-06-12 00:00	11.57	11.61	11.16	11.45	16702
2023-06-13 00:00	11.50	11.98	11.38	11.75	17468
2023-06-14 00:00	11.75	11.95	11.26	11.31	5162
2023-06-15 00:00	11.36	11.67	11.09	11.40	10659
2023-06-16 00:00	11.38	11.70	11.25	11.52	6807
2023-06-17 00:00	11.51	11.81	11.48	11.63	2228
2023-06-18 00:00	11.62	11.63	11.28	11.36	5261
2023-06-19 00:00	11.33	11.50	11.19	11.42	3499
2023-06-20 00:00	11.47	12.11	11.23	12.07	2334
2023-06-21 00:00	12.10	13.01	12.06	12.89	6530
2023-06-22 00:00	12.99	13.20	12.62	12.68	3872
2023-06-23 00:00	12.63	13.49	12.63	13.29	4132
2023-06-24 00:00	13.24	13.40	12.76	13.00	2276
2023-06-25 00:00	13.02	13.66	12.97	13.41	1792
2023-06-26 00:00	13.45	13.65	13.00	13.17	1311
2023-06-27 00:00	13.16	13.46	13.13	13.20	3196
2023-06-28 00:00	13.18	13.20	12.14	12.34	7657
2023-06-29 00:00	12.33	12.95	12.27	12.65	9417
2023-06-30 00:00	12.68	13.32	12.18	12.99	5721
2023-07-01 00:00	13.06	13.16	12.86	13.01	4911
2023-07-02 00:00	13.01	13.22	12.74	13.10	3798
2023-07-03 00:00	13.14	13.46	13.10	13.20	4020
2023-07-04 00:00	13.22	13.39	13.02	13.02	2630
2023-07-05 00:00	13.02	13.13	12.50	12.66	2200
2023-07-06 00:00	12.66	13.07	12.26	12.40	5563
2023-07-07 00:00	12.38	12.75	12.25	12.75	2439
2023-07-08 00:00	12.73	13.86	12.72	13.64	9607
2023-07-09 00:00	13.59	14.20	13.58	13.59	5185
2023-07-10 00:00	13.57	13.83	13.18	13.39	5008
2023-07-11 00:00	13.38	13.67	13.17	13.24	4136
2023-07-12 00:00	13.23	13.35	12.87	13.04	2258
2023-07-13 00:00	12.98	14.16	12.91	14.06	10375
2023-07-14 00:00	14.08	15.94	14.03	14.64	14544
2023-07-15 00:00	14.64	15.32	14.42	14.80	4953
2023-07-16 00:00	14.86	14.90	14.17	14.30	2593
2023-07-17 00:00	14.25	14.60	13.88	14.46	7401
2023-07-18 00:00	14.41	14.63	13.66	13.80	3278
2023-07-19 00:00	13.80	14.26	13.79	13.99	3013
2023-07-20 00:00	14.01	14.41	13.69	13.84	3179
2023-07-21 00:00	13.86	14.06	13.56	13.95	7450
2023-07-22 00:00	13.99	14.03	13.37	13.52	2004
2023-07-23 00:00	13.52	13.74	13.42	13.58	644
2023-07-24 00:00	13.52	13.58	12.86	13.12	3255
2023-07-25 00:00	13.13	13.54	13.07	13.34	2070
2023-07-26 00:00	13.33	13.46	13.08	13.28	2400
2023-07-27 00:00	13.28	13.42	13.05	13.13	1624
2023-07-28 00:00	13.15	13.29	13.04	13.23	1536
2023-07-29 00:00	13.24	13.29	13.18	13.27	1359
2023-07-30 00:00	13.28	13.39	12.94	13.13	1272
2023-07-31 00:00	13.12	13.26	12.72	12.81	2873
2023-08-01 00:00	12.82	12.88	12.41	12.87	2699
2023-08-02 00:00	12.89	12.96	12.44	12.54	2589
2023-08-03 00:00	12.56	12.64	12.40	12.45	1145
2023-08-04 00:00	12.41	12.60	12.28	12.41	1366
2023-08-05 00:00	12.39	12.44	12.30	12.44	812
2023-08-06 00:00	12.44	12.66	12.42	12.58	1445
2023-08-07 00:00	12.60	12.74	12.21	12.43	1800
2023-08-08 00:00	12.44	12.78	12.41	12.70	1657
2023-08-09 00:00	12.69	12.79	12.54	12.64	2860
2023-08-10 00:00	12.64	12.66	12.48	12.49	1949
2023-08-11 00:00	12.48	12.55	12.37	12.43	665
2023-08-12 00:00	12.43	12.49	12.37	12.38	792
2023-08-13 00:00	12.38	12.43	12.23	12.28	2052
2023-08-14 00:00	12.26	12.45	12.18	12.35	1007
2023-08-15 00:00	12.36	12.36	11.65	11.83	3115
2023-08-16 00:00	11.83	11.86	11.10	11.39	3130
2023-08-17 00:00	11.32	11.49	10.11	10.56	6819
2023-08-18 00:00	10.54	10.98	10.54	10.82	2463
2023-08-19 00:00	10.80	10.86	10.57	10.80	1209
2023-08-20 00:00	10.83	10.91	10.74	10.87	915
2023-08-21 00:00	10.87	10.87	10.20	10.35	2009
2023-08-22 00:00	10.36	10.36	9.74	10.15	3304
2023-08-23 00:00	10.15	10.44	10.06	10.32	3432
2023-08-24 00:00	10.35	10.36	9.99	10.12	1494
2023-08-25 00:00	10.07	10.12	9.90	10.05	1176
2023-08-26 00:00	10.05	10.12	10.01	10.08	902
2023-08-27 00:00	10.08	10.26	10.06	10.20	1577
2023-08-28 00:00	10.19	10.45	9.92	10.38	2876
2023-08-29 00:00	10.39	11.19	10.34	10.81	4565
2023-08-30 00:00	10.80	10.81	10.35	10.40	2104
2023-08-31 00:00	10.36	10.54	9.85	9.99	2037
2023-09-01 00:00	10.02	10.08	9.78	9.92	4052
2023-09-02 00:00	9.93	9.94	9.77	9.91	833
2023-09-03 00:00	9.93	9.99	9.85	9.85	1606
2023-09-04 00:00	9.87	10.03	9.69	9.82	1466
2023-09-05 00:00	9.81	9.95	9.66	9.93	1114
2023-09-06 00:00	9.93	10.04	9.78	9.93	1580
2023-09-07 00:00	9.94	10.13	9.85	10.07	2188
2023-09-08 00:00	10.11	10.15	9.87	9.92	2509
2023-09-09 00:00	9.92	9.92	9.83	9.84	1656
2023-09-10 00:00	9.83	9.84	9.23	9.47	2927
2023-09-11 00:00	9.47	9.49	9.09	9.23	2401
2023-09-12 00:00	9.23	9.57	9.18	9.18	2317
2023-09-13 00:00	9.20	9.44	9.12	9.30	2336
2023-09-14 00:00	9.30	9.46	9.26	9.38	1395
2023-09-15 00:00	9.41	9.51	9.20	9.43	1404
2023-09-16 00:00	9.45	9.60	9.38	9.38	1001
2023-09-17 00:00	9.38	9.38	9.03	9.09	1178
2023-09-18 00:00	9.11	9.32	8.83	9.09	2158
2023-09-19 00:00	9.12	9.30	9.05	9.22	2294
2023-09-20 00:00	9.22	9.23	8.90	9.06	3829
2023-09-21 00:00	9.03	9.10	8.80	8.86	3404
2023-09-22 00:00	8.83	8.91	8.75	8.86	1276
2023-09-23 00:00	8.88	8.97	8.85	8.88	301
2023-09-24 00:00	8.89	9.04	8.75	8.77	984
2023-09-25 00:00	8.76	8.95	8.63	8.93	1266
2023-09-26 00:00	8.96	9.05	8.88	9.04	817
2023-09-27 00:00	9.07	9.17	8.83	8.91	1086
2023-09-28 00:00	8.91	9.35	8.91	9.27	1122
2023-09-29 00:00	9.27	9.35	9.08	9.17	1385
2023-09-30 00:00	9.17	9.29	9.11	9.25	4015
2023-10-01 00:00	9.24	9.81	9.23	9.72	3201
2023-10-02 00:00	9.77	9.82	9.19	9.33	1632
2023-10-03 00:00	9.31	9.48	9.24	9.41	1905
2023-10-04 00:00	9.43	10.25	9.17	10.07	6379
2023-10-05 00:00	10.09	10.30	9.83	10.16	4842
2023-10-06 00:00	10.17	10.81	10.13	10.63	5140
2023-10-07 00:00	10.65	11.83	10.26	10.36	5965
2023-10-08 00:00	10.35	10.51	9.96	10.11	1916
2023-10-09 00:00	10.07	10.91	9.30	9.53	5294
2023-10-10 00:00	9.53	9.83	9.43	9.53	2513
2023-10-11 00:00	9.53	9.55	9.22	9.27	1276
2023-10-12 00:00	9.29	9.29	8.90	9.12	1332
2023-10-13 00:00	9.13	9.33	9.03	9.15	908
2023-10-14 00:00	9.16	9.25	9.13	9.14	760
2023-10-15 00:00	9.13	9.25	9.09	9.17	914
2023-10-16 00:00	9.21	9.80	9.17	9.44	8085
2023-10-17 00:00	9.40	9.44	9.05	9.09	1254
2023-10-18 00:00	9.09	9.20	8.86	8.92	2539
2023-10-19 00:00	8.91	9.11	8.65	9.07	3328
2023-10-20 00:00	9.10	9.36	9.05	9.23	1679
2023-10-21 00:00	9.28	9.78	9.19	9.63	2676
2023-10-22 00:00	9.60	10.08	9.55	10.05	3459
2023-10-23 00:00	10.08	10.63	9.83	10.53	11715
2023-10-24 00:00	10.54	10.77	10.07	10.28	6010
2023-10-25 00:00	10.28	10.61	10.16	10.49	4199
2023-10-26 00:00	10.51	11.42	9.30	11.04	10394
2023-10-27 00:00	11.04	11.04	10.41	10.60	2273
2023-10-28 00:00	10.62	11.42	10.57	10.96	6555
2023-10-29 00:00	11.02	11.43	10.81	11.36	6433
2023-10-30 00:00	11.38	11.86	11.08	11.46	5209
2023-10-31 00:00	11.49	11.76	10.65	11.32	3513
2023-11-01 00:00	11.31	12.32	10.90	12.19	5560
2023-11-02 00:00	12.23	12.54	11.45	11.90	9004
2023-11-03 00:00	11.80	12.16	11.09	12.11	9368
2023-11-04 00:00	12.09	12.31	11.92	12.23	1995
2023-11-05 00:00	12.19	12.65	12.10	12.36	2478
2023-11-06 00:00	12.37	13.16	12.25	13.06	4355
2023-11-07 00:00	13.04	13.09	12.31	12.79	3695
2023-11-08 00:00	12.81	13.14	12.68	12.99	3208
2023-11-09 00:00	12.99	13.97	11.55	12.96	10069
2023-11-10 00:00	12.96	14.63	12.92	14.63	48466
2023-11-11 00:00	14.63	17.02	14.01	16.80	64727
2023-11-12 00:00	16.82	19.72	15.34	18.96	35456
2023-11-13 00:00	18.85	19.74	16.00	16.14	23938
2023-11-14 00:00	16.13	17.99	15.66	17.06	20895
2023-11-15 00:00	17.04	21.00	16.83	20.68	30441
2023-11-16 00:00	20.66	24.04	18.75	21.72	40077
2023-11-17 00:00	21.84	24.50	20.02	21.97	45388
2023-11-18 00:00	21.95	22.50	20.22	21.96	15310
2023-11-19 00:00	21.91	23.27	20.76	22.89	14020
2023-11-20 00:00	23.00	23.27	20.76	20.99	13077
2023-11-21 00:00	20.99	22.28	18.50	18.99	35631
2023-11-22 00:00	18.98	21.19	18.89	20.79	10249
2023-11-23 00:00	20.82	21.40	20.25	20.63	6719
2023-11-24 00:00	20.64	21.83	20.48	20.89	11736
2023-11-25 00:00	20.82	21.46	20.66	21.35	5267
2023-11-26 00:00	21.36	21.47	20.18	21.14	4791
2023-11-27 00:00	21.10	21.24	19.21	20.35	10497
2023-11-28 00:00	20.27	21.04	19.53	20.66	10623
2023-11-29 00:00	20.71	21.52	20.55	21.08	14098
2023-11-30 00:00	21.09	21.47	20.84	21.29	10304
2023-12-01 00:00	21.41	22.58	21.13	21.84	19773
2023-12-02 00:00	21.84	22.30	21.78	22.18	9584
2023-12-03 00:00	22.19	22.62	21.69	21.93	11968
2023-12-04 00:00	22.04	23.20	21.19	22.70	20428
2023-12-05 00:00	22.69	24.65	20.00	24.47	22807
2023-12-06 00:00	24.55	27.54	24.48	26.15	37469
2023-12-07 00:00	26.26	27.74	25.26	26.20	21480
2023-12-08 00:00	26.20	30.64	25.97	30.43	17795
2023-12-09 00:00	30.43	33.50	30.31	31.50	23553
2023-12-10 00:00	31.55	37.96	31.50	37.04	31501
2023-12-11 00:00	37.17	39.28	33.51	38.00	57173
2023-12-12 00:00	38.08	42.85	36.03	37.40	27617
2023-12-13 00:00	37.47	41.04	34.10	38.95	22600
2023-12-14 00:00	39.10	40.11	37.26	39.27	18857
2023-12-15 00:00	39.14	42.26	38.56	39.67	19592
2023-12-16 00:00	39.77	45.34	38.53	42.23	34406
2023-12-17 00:00	42.30	44.41	39.50	40.65	10620
2023-12-18 00:00	40.57	41.38	36.99	41.13	15625
2023-12-19 00:00	41.13	42.33	37.79	39.78	11094
2023-12-20 00:00	39.72	44.30	39.11	43.36	23398
2023-12-21 00:00	43.48	47.35	41.96	45.68	27214
2023-12-22 00:00	45.65	48.76	43.73	45.31	17547
2023-12-23 00:00	45.32	48.21	43.39	48.10	15719
2023-12-24 00:00	48.10	49.65	46.45	47.56	13143
2023-12-25 00:00	47.85	48.85	46.09	48.20	11478
2023-12-26 00:00	48.29	48.29	42.50	44.47	14735
2023-12-27 00:00	44.40	44.89	40.58	42.35	11936
2023-12-28 00:00	42.37	43.38	39.20	39.87	13054
2023-12-29 00:00	39.89	42.11	38.55	40.10	13145
2023-12-30 00:00	40.16	40.31	38.19	39.27	2846
2023-12-31 00:00	39.30	40.47	37.94	38.60	4265
2024-01-01 00:00	38.66	42.50	38.07	41.82	6102
2024-01-02 00:00	41.99	43.39	40.36	40.50	7098
2024-01-03 00:00	40.65	41.38	35.66	36.82	15517
2024-01-04 00:00	36.77	41.11	36.17	38.75	7902
2024-01-05 00:00	38.73	38.86	35.03	36.40	7725
2024-01-06 00:00	36.44	36.47	33.48	34.57	6923
2024-01-07 00:00	34.65	35.90	33.16	33.55	6384
2024-01-08 00:00	33.62	37.00	31.21	36.27	7960
2024-01-09 00:00	36.06	37.53	33.82	34.59	6553
2024-01-10 00:00	34.63	39.37	33.30	38.52	9971
2024-01-11 00:00	38.33	41.49	37.58	39.35	10822
2024-01-12 00:00	39.46	39.55	34.96	35.93	6248
2024-01-13 00:00	35.98	36.58	34.72	36.07	3740
2024-01-14 00:00	36.08	37.77	33.04	35.33	9227
2024-01-15 00:00	35.30	36.67	34.13	35.65	4777
2024-01-16 00:00	35.64	36.52	34.83	35.62	2174
2024-01-17 00:00	35.65	36.48	35.33	36.07	4355
2024-01-18 00:00	36.07	36.16	33.00	33.59	5157
2024-01-19 00:00	33.50	33.73	31.38	32.66	7151
2024-01-20 00:00	32.74	32.97	32.06	32.88	1818
2024-01-21 00:00	32.80	33.46	32.49	32.50	2282
2024-01-22 00:00	32.59	32.72	29.24	29.50	9910
2024-01-23 00:00	29.53	30.63	27.22	30.46	8509
2024-01-24 00:00	30.42	31.87	29.53	31.20	9872
2024-01-25 00:00	31.18	31.33	29.65	30.46	3147
2024-01-26 00:00	30.37	33.03	30.16	32.25	3329
2024-01-27 00:00	32.28	33.21	31.88	33.09	3393
2024-01-28 00:00	33.20	36.64	33.09	34.82	11658
2024-01-29 00:00	34.81	36.73	34.37	36.13	4678
2024-01-30 00:00	36.07	37.03	35.06	35.17	5830
2024-01-31 00:00	35.21	35.58	33.19	33.22	7672
2024-02-01 00:00	33.17	33.92	32.00	33.78	2881
2024-02-02 00:00	33.89	36.88	33.73	36.66	6500
2024-02-03 00:00	36.76	37.54	35.44	35.96	3386
2024-02-04 00:00	35.93	36.51	34.74	34.88	2607
2024-02-05 00:00	34.87	35.85	34.14	34.54	3570
2024-02-06 00:00	34.50	34.70	33.77	34.18	1587
2024-02-07 00:00	34.16	35.51	33.75	35.26	2243
2024-02-08 00:00	35.26	36.11	35.09	35.42	2449
2024-02-09 00:00	35.42	38.58	35.42	38.00	6286
2024-02-10 00:00	38.19	41.19	38.00	40.18	11418
2024-02-11 00:00	40.22	41.13	39.40	39.75	6103
2024-02-12 00:00	39.75	41.29	38.15	41.00	10761
2024-02-13 00:00	41.00	41.68	38.92	39.72	7981
2024-02-14 00:00	39.72	42.39	38.42	42.23	12005
2024-02-15 00:00	42.23	43.47	41.01	41.59	9391
2024-02-16 00:00	41.53	41.77	39.59	40.31	9363
2024-02-17 00:00	40.26	40.44	38.43	39.76	5760
2024-02-18 00:00	39.79	41.00	38.99	40.23	5215
2024-02-19 00:00	40.32	40.62	39.25	39.48	5191
2024-02-20 00:00	39.49	39.70	36.79	38.50	9851
2024-02-21 00:00	38.53	38.53	36.12	37.58	7516
2024-02-22 00:00	37.56	38.18	36.58	36.85	3950
2024-02-23 00:00	36.85	37.13	35.26	35.95	3617
2024-02-24 00:00	36.00	37.06	35.24	36.76	3139
2024-02-25 00:00	36.75	38.23	35.58	37.50	3661
2024-02-26 00:00	37.31	39.30	36.34	39.30	5314
2024-02-27 00:00	39.30	39.81	38.37	39.21	6394
2024-02-28 00:00	39.24	41.02	37.50	40.15	16919
2024-02-29 00:00	40.32	44.33	39.13	41.00	19977
2024-03-01 00:00	41.00	43.27	40.80	42.82	7473
2024-03-02 00:00	42.73	44.54	41.99	44.35	10041
2024-03-03 00:00	44.42	44.86	41.10	42.70	7571
2024-03-04 00:00	42.55	43.98	41.48	43.01	11529
2024-03-05 00:00	43.04	45.11	33.84	39.36	29923
2024-03-06 00:00	39.37	42.01	37.96	41.55	11503
2024-03-07 00:00	41.64	44.43	41.43	43.22	12663
2024-03-08 00:00	43.38	43.92	41.14	42.67	12109
2024-03-09 00:00	42.86	43.42	36.74	42.91	10334
2024-03-10 00:00	42.97	43.90	41.00	42.01	11176
2024-03-11 00:00	41.98	49.53	40.36	48.91	27557
2024-03-12 00:00	49.08	57.22	46.47	55.50	32359
2024-03-13 00:00	55.49	55.49	52.41	54.76	12866
2024-03-14 00:00	54.76	59.13	50.60	53.97	13951
2024-03-15 00:00	53.94	58.82	48.51	58.14	25074
2024-03-16 00:00	58.33	61.38	52.11	53.56	13826
2024-03-17 00:00	53.29	58.46	50.20	58.35	16061
2024-03-18 00:00	58.36	65.10	55.37	60.51	18508
2024-03-19 00:00	60.59	61.93	53.25	54.01	18268
2024-03-20 00:00	53.72	58.27	50.51	56.97	15501
2024-03-21 00:00	56.97	57.70	53.02	53.85	9067
2024-03-22 00:00	53.82	57.69	51.72	53.40	10571
2024-03-23 00:00	53.41	55.93	52.66	53.51	6787
2024-03-24 00:00	53.40	55.79	52.51	55.60	3957
2024-03-25 00:00	55.66	59.13	55.00	57.80	7987
2024-03-26 00:00	57.78	59.19	55.41	55.75	6423
2024-03-27 00:00	55.76	56.68	53.08	54.08	4613
2024-03-28 00:00	54.07	54.99	53.25	54.60	3339
2024-03-29 00:00	54.59	54.66	52.58	53.36	2883
2024-03-30 00:00	53.38	54.56	52.67	53.01	6795
2024-03-31 00:00	52.91	54.23	52.90	54.08	2364
2024-04-01 00:00	54.05	54.09	50.18	51.48	10381
2024-04-02 00:00	51.34	51.34	46.47	46.80	7040
2024-04-03 00:00	46.86	48.63	45.17	45.90	3250
2024-04-04 00:00	45.90	48.12	45.01	46.51	3898
2024-04-05 00:00	46.24	46.56	42.60	45.38	4679
2024-04-06 00:00	45.23	48.80	45.08	48.21	3486
2024-04-07 00:00	48.18	49.38	47.93	49.17	2158
2024-04-08 00:00	49.14	50.77	48.31	49.95	4351
2024-04-09 00:00	49.88	50.62	46.41	46.52	4608
2024-04-10 00:00	46.41	47.95	45.29	47.27	3434
2024-04-11 00:00	47.18	47.52	45.57	45.95	1717
2024-04-12 00:00	46.05	46.82	37.66	39.42	8732
2024-04-13 00:00	39.43	40.75	29.72	33.92	16386
2024-04-14 00:00	33.86	37.81	32.68	37.20	6914
2024-04-15 00:00	37.07	38.55	34.31	35.14	5705
2024-04-16 00:00	35.06	35.86	32.72	34.71	4265
2024-04-17 00:00	34.63	35.31	32.29	33.50	7405
2024-04-18 00:00	33.72	35.56	32.83	34.85	3782
2024-04-19 00:00	34.75	36.03	31.97	34.67	5774
2024-04-20 00:00	34.60	38.46	34.18	38.23	4580
2024-04-21 00:00	38.31	38.76	36.31	37.12	2410
2024-04-22 00:00	37.32	39.66	36.80	39.19	4157
2024-04-23 00:00	39.14	39.89	37.95	38.28	2140
2024-04-24 00:00	38.33	39.78	36.08	36.40	3643
2024-04-25 00:00	36.47	36.73	34.75	35.64	1923
2024-04-26 00:00	35.43	35.84	34.31	34.44	2076
2024-04-27 00:00	34.53	35.01	33.27	34.39	3126
2024-04-28 00:00	34.52	35.35	33.84	33.84	1739
2024-04-29 00:00	34.11	35.85	32.87	35.30	3646
2024-04-30 00:00	35.23	35.72	31.95	32.83	2971
2024-05-01 00:00	32.71	33.93	30.67	33.29	5938
2024-05-02 00:00	33.37	34.08	32.29	33.63	2604
2024-05-03 00:00	33.63	35.91	33.34	35.56	2641
2024-05-04 00:00	35.54	37.63	35.19	37.25	2775
2024-05-05 00:00	37.37	37.97	36.71	37.36	3050
2024-05-06 00:00	37.38	39.83	36.82	37.13	5512
2024-05-07 00:00	37.13	37.60	35.10	35.38	4443
2024-05-08 00:00	35.27	35.48	33.62	34.10	2681
2024-05-09 00:00	34.00	35.33	33.78	35.07	1644
2024-05-10 00:00	34.93	36.07	33.27	33.71	3874
2024-05-11 00:00	33.74	34.00	33.09	33.47	817
2024-05-12 00:00	33.63	33.97	32.86	33.16	516
2024-05-13 00:00	33.17	33.78	31.99	32.42	1769
2024-05-14 00:00	32.39	33.26	31.51	31.56	3735
2024-05-15 00:00	31.70	34.75	31.00	34.68	3527
2024-05-16 00:00	34.67	34.98	33.38	34.41	1996
2024-05-17 00:00	34.47	37.54	34.31	36.40	2933
2024-05-18 00:00	36.38	37.62	36.29	37.25	1881
2024-05-19 00:00	37.25	37.74	35.43	35.56	1717
2024-05-20 00:00	35.60	40.26	35.20	40.10	5145
2024-05-21 00:00	40.27	41.37	39.70	41.22	3747
2024-05-22 00:00	41.06	41.77	39.25	39.90	2498
2024-05-23 00:00	40.08	40.43	36.63	38.64	3581
2024-05-24 00:00	38.46	38.95	37.00	37.99	1507
2024-05-25 00:00	38.01	38.68	37.74	38.29	832
2024-05-26 00:00	38.26	38.27	36.51	36.77	1539
2024-05-27 00:00	36.75	38.86	36.68	38.29	2141
2024-05-28 00:00	38.19	38.35	36.56	37.08	1859
2024-05-29 00:00	36.93	37.40	36.03	36.19	2531
2024-05-30 00:00	36.20	37.08	35.33	36.01	3381
2024-05-31 00:00	35.99	36.73	35.21	36.09	2329
2024-06-01 00:00	36.07	36.21	35.69	35.74	756
2024-06-02 00:00	35.76	36.12	34.41	34.99	1754
2024-06-03 00:00	34.93	36.22	34.62	35.00	2083
2024-06-04 00:00	35.06	36.22	34.69	36.07	1986
2024-06-05 00:00	36.09	36.86	35.90	36.50	1743
2024-06-06 00:00	36.52	37.16	35.75	35.87	1598
2024-06-07 00:00	35.92	36.86	32.84	33.58	5350
2024-06-08 00:00	33.45	33.73	32.01	32.34	1725
2024-06-09 00:00	32.31	32.98	32.07	32.98	670
2024-06-10 00:00	32.87	33.46	32.08	32.31	1061
2024-06-11 00:00	32.22	32.36	30.63	31.49	2672
2024-06-12 00:00	31.43	33.95	30.83	33.26	2536
2024-06-13 00:00	33.20	34.38	30.95	31.01	3111
2024-06-14 00:00	31.11	32.17	29.13	30.33	5126
2024-06-15 00:00	30.24	30.61	29.93	29.94	493
2024-06-16 00:00	30.02	30.46	29.67	30.02	1210
2024-06-17 00:00	29.97	30.30	27.50	28.51	6564
2024-06-18 00:00	28.44	28.45	25.19	26.61	2813
2024-06-19 00:00	26.57	27.62	26.46	26.83	1763
2024-06-20 00:00	26.89	28.84	26.72	27.55	1862
2024-06-21 00:00	27.43	28.00	26.97	27.52	1416
2024-06-22 00:00	27.36	27.52	24.84	25.59	5020
2024-06-23 00:00	25.65	25.98	24.18	25.03	4224
2024-06-24 00:00	25.03	28.03	23.58	24.77	6391
2024-06-25 00:00	24.77	25.75	24.39	25.39	3155
2024-06-26 00:00	25.42	26.63	25.31	25.83	4208
2024-06-27 00:00	25.82	28.35	25.38	27.89	2547
2024-06-28 00:00	28.03	29.04	27.71	27.98	1607
2024-06-29 00:00	28.13	29.31	27.62	27.79	3264
2024-06-30 00:00	27.79	29.54	27.44	29.31	1663
2024-07-01 00:00	29.37	30.23	28.85	28.86	3555
2024-07-02 00:00	28.84	28.86	28.12	28.71	2165
2024-07-03 00:00	28.82	28.94	24.62	26.49	5179
2024-07-04 00:00	26.50	26.64	24.32	24.49	4883
2024-07-05 00:00	24.39	25.41	21.88	25.11	4527
2024-07-06 00:00	25.03	27.57	24.91	27.40	1748
2024-07-07 00:00	27.34	27.40	25.50	25.59	4646
2024-07-08 00:00	25.70	27.17	24.59	25.25	1833
2024-07-09 00:00	25.18	26.46	24.73	26.43	1491
2024-07-10 00:00	26.41	27.39	25.65	25.79	884
2024-07-11 00:00	25.64	26.32	25.04	25.20	2360
2024-07-12 00:00	25.21	26.07	24.78	25.97	1528
2024-07-13 00:00	25.91	26.32	25.56	25.95	953
2024-07-14 00:00	25.85	26.63	25.64	26.45	1204
2024-07-15 00:00	26.37	27.85	26.20	27.82	2211
2024-07-16 00:00	27.81	29.21	26.50	27.91	3255
2024-07-17 00:00	28.00	28.98	27.22	27.22	2101
2024-07-18 00:00	27.23	27.90	26.62	27.12	963
2024-07-19 00:00	27.15	28.38	26.68	28.19	1098
2024-07-20 00:00	28.19	29.16	27.81	29.16	1202
2024-07-21 00:00	29.15	32.95	28.58	32.52	5603
2024-07-22 00:00	32.65	32.83	31.35	31.81	2177
2024-07-23 00:00	31.95	32.58	29.48	29.80	2054
2024-07-24 00:00	29.86	30.51	28.29	28.38	2223
2024-07-25 00:00	28.40	28.49	26.30	27.25	6662
2024-07-26 00:00	27.20	28.82	27.12	28.69	4424
2024-07-27 00:00	28.75	29.49	27.66	28.10	4658
2024-07-28 00:00	28.07	28.51	27.13	27.40	3095
2024-07-29 00:00	27.44	28.82	26.99	26.99	2202
2024-07-30 00:00	27.05	27.31	26.07	26.34	1577
2024-07-31 00:00	26.26	26.84	25.50	25.69	2823
2024-08-01 00:00	25.89	25.89	24.11	25.73	6532
2024-08-02 00:00	25.74	25.84	23.40	23.51	2955
2024-08-03 00:00	23.65	24.11	22.24	22.84	2472
2024-08-04 00:00	22.70	22.97	20.80	21.45	2431
2024-08-05 00:00	21.38	21.45	17.60	19.53	18711
2024-08-06 00:00	19.57	21.42	19.55	20.86	4541
2024-08-07 00:00	20.77	21.67	19.75	19.91	1578
2024-08-08 00:00	19.86	22.78	19.62	22.76	4107
2024-08-09 00:00	22.64	22.76	21.31	21.65	1847
2024-08-10 00:00	21.76	22.00	21.44	21.53	2436
2024-08-11 00:00	21.59	22.34	20.48	20.48	1459
2024-08-12 00:00	20.51	21.66	20.02	21.33	2286
2024-08-13 00:00	21.22	22.06	20.64	21.38	2369
2024-08-14 00:00	21.38	21.81	20.79	21.03	2198
2024-08-15 00:00	20.96	21.27	19.86	20.04	2794
2024-08-16 00:00	20.13	20.64	19.86	20.41	1922
2024-08-17 00:00	20.34	20.67	20.26	20.67	871
2024-08-18 00:00	20.69	21.47	20.56	20.79	912
2024-08-19 00:00	20.77	21.22	20.41	21.22	1893
2024-08-20 00:00	21.21	22.75	21.20	22.27	6526
2024-08-21 00:00	22.32	23.76	22.27	23.44	2956
2024-08-22 00:00	23.52	25.28	23.11	25.27	4440
2024-08-23 00:00	25.25	26.95	25.25	26.45	4755
2024-08-24 00:00	26.43	27.93	23.18	27.11	3043
2024-08-25 00:00	27.03	27.65	26.16	26.97	1362
2024-08-26 00:00	27.11	27.17	25.90	25.90	1145
2024-08-27 00:00	26.09	26.77	23.74	24.16	2799
2024-08-28 00:00	24.05	24.81	23.22	23.55	3608
2024-08-29 00:00	23.47	24.64	22.77	22.87	1991
2024-08-30 00:00	22.84	23.60	22.17	23.27	1437
2024-08-31 00:00	23.29	23.34	22.50	22.74	564
2024-09-01 00:00	22.81	22.81	21.19	21.45	10241
2024-09-02 00:00	21.46	22.53	21.40	22.42	1748
2024-09-03 00:00	22.40	22.70	21.38	21.40	1784
2024-09-04 00:00	21.40	22.28	20.52	21.90	1705
2024-09-05 00:00	21.86	22.17	21.22	21.38	948
2024-09-06 00:00	21.38	22.17	20.50	21.07	2698
2024-09-07 00:00	21.16	21.96	21.07	21.79	755
2024-09-08 00:00	21.80	23.47	21.79	23.23	2294
2024-09-09 00:00	23.28	24.33	23.16	23.88	2749
2024-09-10 00:00	23.84	24.55	23.60	24.33	1678
2024-09-11 00:00	24.35	24.44	22.93	23.28	1206
2024-09-12 00:00	23.30	24.07	23.28	24.05	771
2024-09-13 00:00	24.02	25.05	23.63	24.84	1231
2024-09-14 00:00	24.90	26.79	24.63	25.28	2739
2024-09-15 00:00	25.33	25.34	23.73	23.85	1602
2024-09-16 00:00	23.78	24.20	23.25	23.57	858
2024-09-17 00:00	23.44	24.44	23.18	23.74	1783
2024-09-18 00:00	23.72	24.68	22.85	24.55	1504
2024-09-19 00:00	24.67	26.72	24.67	26.61	21548
2024-09-20 00:00	26.70	28.73	26.50	27.58	7642
2024-09-21 00:00	27.62	28.01	27.01	27.93	969
2024-09-22 00:00	27.71	27.93	26.48	27.37	841
2024-09-23 00:00	27.21	28.11	26.59	27.40	1444
2024-09-24 00:00	27.38	28.51	26.87	28.48	1351
2024-09-25 00:00	28.50	28.50	27.17	27.17	1841
2024-09-26 00:00	27.28	29.39	26.99	29.15	4185
2024-09-27 00:00	29.17	30.82	28.98	30.32	1676
2024-09-28 00:00	30.51	30.73	29.06	29.26	1922
2024-09-29 00:00	29.36	29.41	28.29	29.00	5831
2024-09-30 00:00	28.98	29.04	27.60	27.63	4095
2024-10-01 00:00	27.76	28.84	24.80	25.93	6311
2024-10-02 00:00	25.78	26.72	25.06	25.35	1401
2024-10-03 00:00	25.30	25.63	23.93	24.69	1324
2024-10-04 00:00	24.60	26.45	24.47	26.17	1754
2024-10-05 00:00	26.24	26.40	25.13	25.65	1010
2024-10-06 00:00	25.65	27.02	25.64	26.93	1362
2024-10-07 00:00	26.96	27.71	26.54	26.57	1036
2024-10-08 00:00	26.55	27.15	26.06	26.33	762
2024-10-09 00:00	26.41	26.65	25.71	25.84	1168
2024-10-10 00:00	25.78	26.33	25.09	25.88	1910
2024-10-11 00:00	25.91	27.52	25.79	27.29	1684
2024-10-12 00:00	27.48	29.36	26.64	28.63	2271
2024-10-13 00:00	28.53	29.28	28.33	29.08	1862
2024-10-14 00:00	29.01	29.80	28.69	29.02	3502
2024-10-15 00:00	29.02	29.52	27.58	28.16	3895
2024-10-16 00:00	28.16	28.17	27.28	28.17	3631
2024-10-17 00:00	28.12	28.21	26.85	27.25	2508
2024-10-18 00:00	27.28	28.14	26.50	28.04	3883
2024-10-19 00:00	28.10	28.41	27.80	28.10	1400
2024-10-20 00:00	28.14	28.96	27.77	28.96	2648
2024-10-21 00:00	28.96	29.30	27.42	27.77	3456
2024-10-22 00:00	27.71	28.19	27.03	27.61	2324
2024-10-23 00:00	27.65	27.66	25.93	26.74	2403
2024-10-24 00:00	26.72	27.22	26.41	26.91	1739
2024-10-25 00:00	26.82	26.91	24.04	24.88	3533
2024-10-26 00:00	24.87	25.65	24.63	25.37	1767
2024-10-27 00:00	25.38	25.88	25.24	25.74	696
2024-10-28 00:00	25.86	26.48	25.08	26.24	2476
2024-10-29 00:00	26.24	27.08	26.21	26.81	2002
2024-10-30 00:00	26.88	26.88	26.03	26.24	2150
2024-10-31 00:00	26.19	26.24	24.71	25.07	2940
2024-11-01 00:00	25.02	25.68	24.37	24.80	3390
2024-11-02 00:00	24.87	24.99	23.87	24.06	1484
2024-11-03 00:00	24.13	24.15	22.62	23.55	3184
2024-11-04 00:00	23.59	23.85	22.38	22.72	1973
2024-11-05 00:00	22.79	24.46	22.63	23.98	2469
2024-11-06 00:00	24.03	27.26	24.03	27.06	5307
2024-11-07 00:00	26.97	27.97	26.58	27.31	3095
2024-11-08 00:00	27.42	28.77	27.16	28.75	4794
2024-11-09 00:00	28.77	30.45	28.52	30.35	5629
2024-11-10 00:00	30.39	33.28	29.61	31.89	20494
2024-11-11 00:00	31.84	35.78	29.15	35.61	10419
2024-11-12 00:00	35.59	37.63	32.72	33.93	14431
2024-11-13 00:00	33.90	35.03	30.85	33.14	10066
2024-11-14 00:00	33.01	34.66	30.73	31.12	11846
2024-11-15 00:00	31.21	33.24	30.64	33.10	6290
2024-11-16 00:00	33.12	35.52	29.00	35.00	16178
2024-11-17 00:00	35.12	37.19	33.11	34.72	7141
2024-11-18 00:00	34.65	36.13	34.10	35.43	5549
2024-11-19 00:00	35.33	35.59	33.59	34.23	3613
2024-11-20 00:00	34.18	36.01	32.82	33.59	6473
2024-11-21 00:00	33.55	36.12	32.39	35.78	7286
2024-11-22 00:00	35.78	43.54	35.16	43.13	17335
2024-11-23 00:00	43.13	45.21	40.87	41.45	18157
2024-11-24 00:00	41.47	43.10	38.65	42.11	9494
2024-11-25 00:00	42.03	47.83	40.26	41.36	17414
2024-11-26 00:00	41.47	43.34	38.62	42.89	8912
2024-11-27 00:00	42.68	44.37	42.11	43.85	9171
2024-11-28 00:00	43.78	44.18	41.59	42.80	7055
2024-11-29 00:00	42.80	45.02	42.61	44.81	5248
2024-11-30 00:00	44.77	46.04	43.76	44.91	5324
2024-12-01 00:00	44.85	45.79	43.75	45.13	13528
2024-12-02 00:00	45.11	52.59	45.11	52.59	22989
2024-12-03 00:00	52.55	53.88	47.91	51.00	11428
2024-12-04 00:00	50.88	55.74	50.88	52.84	11678
2024-12-05 00:00	52.59	53.57	49.00	50.40	6201
2024-12-06 00:00	50.30	53.34	49.67	52.56	7729
2024-12-07 00:00	52.38	53.00	50.87	51.62	8691
2024-12-08 00:00	51.60	54.28	50.43	54.05	4113
2024-12-09 00:00	53.89	54.15	42.00	45.10	16753
2024-12-10 00:00	44.99	46.46	41.52	44.48	7595
2024-12-11 00:00	44.55	48.43	42.89	48.43	4249
2024-12-12 00:00	48.31	55.00	48.25	53.03	14819
2024-12-13 00:00	53.24	53.97	50.75	52.66	3592
2024-12-14 00:00	52.66	53.77	49.44	49.85	4995
2024-12-15 00:00	49.80	51.26	48.19	50.70	6839
2024-12-16 00:00	50.76	51.96	48.41	48.99	2910
2024-12-17 00:00	48.99	50.78	47.52	47.78	5365
2024-12-18 00:00	47.91	48.15	42.69	42.86	7198
2024-12-19 00:00	42.90	43.56	37.51	38.84	8204
2024-12-20 00:00	39.02	40.34	33.67	39.65	7551
2024-12-21 00:00	39.79	42.35	36.99	37.35	4156
2024-12-22 00:00	37.30	38.49	35.55	36.57	3042
2024-12-23 00:00	36.61	39.67	35.50	39.00	4603
2024-12-24 00:00	39.14	42.01	37.79	41.28	3477
2024-12-25 00:00	41.12	41.85	39.86	40.28	1682
2024-12-26 00:00	40.21	40.67	37.04	37.35	2751
2024-12-27 00:00	37.40	39.02	36.30	36.43	2964
2024-12-28 00:00	36.57	38.09	36.32	37.74	1119
2024-12-29 00:00	37.67	37.74	35.57	35.89	2032
2024-12-30 00:00	35.73	37.14	34.91	35.91	6729
2024-12-31 00:00	35.96	37.26	34.97	35.70	1745
2025-01-01 00:00	35.69	37.95	34.99	37.77	2006
2025-01-02 00:00	37.80	40.52	37.79	39.30	2597
2025-01-03 00:00	39.20	42.14	38.96	41.84	1788
2025-01-04 00:00	41.96	42.83	40.95	42.61	1949
2025-01-05 00:00	42.77	43.13	41.28	43.02	1809
2025-01-06 00:00	43.09	44.94	41.90	44.03	4756
2025-01-07 00:00	44.05	44.54	39.18	39.22	3230
2025-01-08 00:00	39.16	39.86	36.22	37.50	4117
2025-01-09 00:00	37.40	37.88	35.54	36.25	3520
2025-01-10 00:00	36.34	37.88	36.00	36.61	2390
2025-01-11 00:00	36.62	37.74	36.06	37.10	1196
2025-01-12 00:00	37.12	37.60	36.16	36.54	938
2025-01-13 00:00	36.53	37.32	32.90	35.26	4589
2025-01-14 00:00	35.17	36.68	35.05	36.55	2367
2025-01-15 00:00	36.60	39.98	36.24	39.93	2757
2025-01-16 00:00	39.98	40.49	38.37	40.01	2743
2025-01-17 00:00	40.10	41.78	40.02	41.48	2239
2025-01-18 00:00	41.41	41.62	38.37	39.25	6384
2025-01-19 00:00	39.22	40.53	35.13	35.64	6573
2025-01-20 00:00	35.48	40.26	34.53	36.00	8608
2025-01-21 00:00	36.01	37.55	34.58	36.90	4255
2025-01-22 00:00	36.90	37.70	36.54	36.79	2244
2025-01-23 00:00	36.88	36.90	34.61	35.56	4509
2025-01-24 00:00	35.55	36.70	34.60	35.32	6487
2025-01-25 00:00	35.23	37.19	34.93	36.62	2695
2025-01-26 00:00	36.60	38.09	35.76	35.78	1742
2025-01-27 00:00	35.73	36.02	32.92	34.15	5721
2025-01-28 00:00	34.22	34.51	31.86	32.10	2587
2025-01-29 00:00	32.11	33.81	31.96	32.79	3919
2025-01-30 00:00	32.79	34.67	32.47	34.27	1710
2025-01-31 00:00	34.40	36.07	33.84	34.40	2365
2025-02-01 00:00	34.39	35.00	31.90	32.18	2599
2025-02-02 00:00	32.11	32.54	26.14	27.60	7769
2025-02-03 00:00	27.61	28.75	22.64	28.35	12586
2025-02-04 00:00	28.43	30.56	25.55	26.54	5937
2025-02-05 00:00	26.47	27.31	25.67	25.83	1240
2025-02-06 00:00	25.99	26.79	24.34	24.43	3628
2025-02-07 00:00	24.51	26.19	23.78	24.45	3288
2025-02-08 00:00	24.44	28.67	23.94	24.66	5386
2025-02-09 00:00	24.62	27.25	23.80	24.91	3565
2025-02-10 00:00	24.92	25.94	23.89	25.55	2519
2025-02-11 00:00	25.68	26.98	24.93	25.35	3630
2025-02-12 00:00	25.35	27.06	24.32	26.52	2410
2025-02-13 00:00	26.51	26.52	25.14	25.37	3032
2025-02-14 00:00	25.44	27.19	25.33	26.38	2358
2025-02-15 00:00	26.46	26.93	25.41	25.55	2521
2025-02-16 00:00	25.45	25.57	24.80	24.85	966
2025-02-17 00:00	24.83	25.91	24.48	25.04	1746
2025-02-18 00:00	25.05	25.05	22.95	23.51	4158
2025-02-19 00:00	23.56	23.98	23.02	23.74	1192
2025-02-20 00:00	23.75	25.33	23.73	25.16	1787
2025-02-21 00:00	25.17	26.48	23.80	24.53	1866
2025-02-22 00:00	24.46	26.35	24.46	25.82	1770
2025-02-23 00:00	25.84	25.95	24.43	24.85	1117
2025-02-24 00:00	24.87	25.15	21.51	21.87	5709
2025-02-25 00:00	21.94	23.59	20.37	21.98	6998
2025-02-26 00:00	21.94	22.56	20.89	21.83	2656
2025-02-27 00:00	21.87	23.36	21.67	22.49	1343
2025-02-28 00:00	22.47	22.49	20.26	22.21	2801
2025-03-01 00:00	22.34	22.45	21.11	21.90	2378
2025-03-02 00:00	21.85	24.98	21.61	24.97	3443
2025-03-03 00:00	24.98	25.08	20.63	20.98	6321
2025-03-04 00:00	20.96	22.34	19.00	20.15	3502
2025-03-05 00:00	20.14	22.43	19.75	21.65	3393
2025-03-06 00:00	21.80	22.52	20.92	21.02	1753
2025-03-07 00:00	21.02	21.27	19.73	20.10	2319
2025-03-08 00:00	20.14	21.07	19.46	20.47	1143
2025-03-09 00:00	20.56	20.66	17.80	17.91	4354
2025-03-10 00:00	18.02	20.31	16.18	16.28	8120
2025-03-11 00:00	16.33	17.89	15.32	17.51	2698
2025-03-12 00:00	17.52	18.93	16.96	18.86	2103
2025-03-13 00:00	18.96	19.30	17.76	18.54	1688
2025-03-14 00:00	18.52	19.26	18.52	18.56	960
2025-03-15 00:00	18.54	19.45	18.40	19.45	703
2025-03-16 00:00	19.27	19.83	18.14	18.30	1700
2025-03-17 00:00	18.31	19.06	18.25	18.73	1441
2025-03-18 00:00	18.84	19.25	18.35	19.03	1747
2025-03-19 00:00	19.05	20.09	18.87	19.76	1299
2025-03-20 00:00	19.71	19.84	18.44	18.70	936
2025-03-21 00:00	18.74	19.45	18.37	19.20	757
2025-03-22 00:00	19.17	19.70	19.10	19.45	655
2025-03-23 00:00	19.42	19.81	19.33	19.81	422
2025-03-24 00:00	19.80	22.08	19.78	21.45	1674
2025-03-25 00:00	21.47	23.45	21.30	22.92	1999
2025-03-26 00:00	22.92	23.22	21.87	22.02	1947
2025-03-27 00:00	22.03	22.37	21.65	22.03	5708
2025-03-28 00:00	22.03	22.15	19.79	20.37	4024
2025-03-29 00:00	20.36	20.50	19.45	19.65	967
2025-03-30 00:00	19.53	19.88	18.71	18.87	1158
2025-03-31 00:00	18.87	19.10	18.20	18.85	1555
2025-04-01 00:00	18.83	19.90	18.75	19.76	1265
2025-04-02 00:00	19.78	19.81	17.79	17.99	2712
2025-04-03 00:00	17.96	18.96	17.59	18.11	1108
2025-04-04 00:00	18.22	18.74	17.63	18.21	1485
2025-04-05 00:00	18.18	18.35	17.73	17.91	1106
2025-04-06 00:00	17.83	17.91	15.65	16.04	4069
2025-04-07 00:00	16.03	17.12	14.70	16.65	4182
2025-04-08 00:00	16.69	17.72	15.95	16.15	1260
2025-04-09 00:00	16.12	18.90	15.65	18.45	6332
2025-04-10 00:00	18.42	18.45	17.58	18.29	4700
2025-04-11 00:00	18.32	19.55	18.29	19.14	1354
2025-04-12 00:00	19.07	20.97	18.86	20.44	1335
2025-04-13 00:00	20.50	20.62	19.29	19.59	1671
2025-04-14 00:00	19.57	20.65	19.57	20.12	1967
2025-04-15 00:00	20.06	20.27	18.98	19.01	1817
2025-04-16 00:00	18.97	19.26	18.52	18.75	1397
2025-04-17 00:00	18.72	19.53	18.72	19.05	3481
2025-04-18 00:00	19.01	19.31	18.83	19.12	1381
2025-04-19 00:00	19.06	20.35	19.05	19.93	1425
2025-04-20 00:00	19.96	20.02	19.24	19.44	759
2025-04-21 00:00	19.53	20.90	19.44	19.94	2085
2025-04-22 00:00	19.89	22.27	19.46	22.06	6053
2025-04-23 00:00	22.09	23.06	21.90	22.29	1977
2025-04-24 00:00	22.45	22.61	21.64	22.36	1960
2025-04-25 00:00	22.32	22.84	21.80	22.18	2451
2025-04-26 00:00	22.23	22.95	21.75	22.40	1559
2025-04-27 00:00	22.41	22.77	21.68	21.68	1335
2025-04-28 00:00	21.71	22.42	21.05	21.86	3786
2025-04-29 00:00	21.84	22.27	21.29	21.54	3830
2025-04-30 00:00	21.55	21.88	20.39	20.92	2104
2025-05-01 00:00	20.92	21.83	20.83	21.56	5966
2025-05-02 00:00	21.69	22.14	21.00	21.22	923
2025-05-03 00:00	21.17	21.22	20.51	20.55	615
2025-05-04 00:00	20.52	20.60	19.77	19.87	1144
2025-05-05 00:00	19.94	20.22	19.31	19.70	1091
2025-05-06 00:00	19.67	20.10	19.29	19.99	939
2025-05-07 00:00	20.02	20.24	19.10	19.53	1065
2025-05-08 00:00	19.53	22.13	19.52	22.13	4298
2025-05-09 00:00	22.14	23.99	21.99	23.24	3458
2025-05-10 00:00	23.27	25.94	23.01	25.94	3074
2025-05-11 00:00	25.75	25.98	24.16	24.73	2395
2025-05-12 00:00	24.81	26.75	22.64	24.81	7495
2025-05-13 00:00	24.83	26.20	23.48	25.75	3581
2025-05-14 00:00	25.80	26.51	24.75	24.99	2082
2025-05-15 00:00	24.96	25.09	22.99	23.45	2530
2025-05-16 00:00	23.47	24.01	22.69	23.11	1507
2025-05-17 00:00	23.00	23.15	22.00	22.18	1893
2025-05-18 00:00	22.21	23.84	21.63	23.11	2591
2025-05-19 00:00	22.97	23.17	21.30	22.27	1155
2025-05-20 00:00	22.27	22.80	21.78	22.52	1046
2025-05-21 00:00	22.52	23.74	22.17	23.18	2836
2025-05-22 00:00	23.16	25.41	23.16	25.25	4345
2025-05-23 00:00	25.26	25.95	22.90	23.03	4497
2025-05-24 00:00	23.03	23.43	22.78	22.96	1565
2025-05-25 00:00	23.00	23.43	22.04	23.43	1643
2025-05-26 00:00	23.45	23.97	22.90	23.07	1141
2025-05-27 00:00	23.15	23.86	22.54	23.32	1364
2025-05-28 00:00	23.36	23.74	22.82	23.57	1565
2025-05-29 00:00	23.60	24.32	22.21	22.26	2612
2025-05-30 00:00	22.28	22.34	20.49	20.62	2304
2025-05-31 00:00	20.48	21.11	19.82	20.80	1206
2025-06-01 00:00	20.78	21.84	20.21	20.87	1497
2025-06-02 00:00	20.96	21.28	20.26	21.18	822
2025-06-03 00:00	21.12	21.66	20.91	21.08	992
2025-06-04 00:00	21.20	21.61	20.10	20.10	789
2025-06-05 00:00	20.15	20.49	18.46	18.82	1973
2025-06-06 00:00	18.74	19.93	18.66	19.63	1512
2025-06-07 00:00	19.61	21.08	19.61	20.75	855
2025-06-08 00:00	20.64	21.48	20.18	21.03	646
2025-06-09 00:00	21.07	21.98	20.24	21.87	760
2025-06-10 00:00	21.92	22.57	21.52	22.53	1637
2025-06-11 00:00	22.57	22.72	21.34	21.61	1704
2025-06-12 00:00	21.55	21.58	20.18	20.34	981
2025-06-13 00:00	20.14	20.34	18.52	19.39	2388
2025-06-14 00:00	19.33	19.39	18.75	18.99	599
2025-06-15 00:00	18.97	19.22	18.77	19.14	221
2025-06-16 00:00	19.10	19.94	19.01	19.01	1759
2025-06-17 00:00	19.00	19.45	18.17	18.64	908
2025-06-18 00:00	18.61	18.86	18.08	18.13	307
2025-06-19 00:00	18.14	18.78	17.69	18.06	1655
2025-06-20 00:00	18.07	18.42	16.96	17.29	977
2025-06-21 00:00	17.48	17.59	16.36	16.78	2349
2025-06-22 00:00	16.79	17.09	15.72	16.49	6438
2025-06-23 00:00	16.53	18.19	16.25	17.98	4357
2025-06-24 00:00	18.12	18.44	17.90	18.20	588
2025-06-25 00:00	18.24	18.33	17.45	17.45	364
2025-06-26 00:00	17.55	17.96	17.11	17.22	273
2025-06-27 00:00	17.21	17.75	17.04	17.61	564
2025-06-28 00:00	17.59	18.04	17.52	18.01	183
2025-06-29 00:00	17.96	18.88	17.84	18.75	824
2025-06-30 00:00	18.78	18.84	17.74	17.95	2751
2025-07-01 00:00	17.94	17.98	16.99	17.11	959
2025-07-02 00:00	17.10	18.76	16.99	18.50	1957
2025-07-03 00:00	18.60	19.11	18.36	18.50	1538
2025-07-04 00:00	18.57	18.80	17.52	17.84	3529
2025-07-05 00:00	17.80	17.93	17.64	17.92	455
2025-07-06 00:00	17.81	18.60	17.79	18.32	2075
2025-07-07 00:00	18.26	18.49	17.80	17.90	906
2025-07-08 00:00	18.05	18.46	17.71	18.30	627
2025-07-09 00:00	18.35	19.62	18.10	19.50	1276
2025-07-10 00:00	19.55	20.79	19.39	20.62	1734
2025-07-11 00:00	20.72	21.49	20.35	20.64	2448
2025-07-12 00:00	20.63	21.05	20.19	20.64	3413
2025-07-13 00:00	20.78	21.76	20.64	21.19	1807
2025-07-14 00:00	21.24	22.08	21.02	21.26	2933
2025-07-15 00:00	21.25	22.54	20.50	22.54	4476
2025-07-16 00:00	22.49	23.00	21.67	22.70	4250
2025-07-17 00:00	22.65	24.30	22.04	23.83	2670
2025-07-18 00:00	24.00	25.00	23.12	23.50	3202
2025-07-19 00:00	23.56	25.37	23.02	24.52	1978
2025-07-20 00:00	24.48	25.54	24.38	25.12	1659
2025-07-21 00:00	25.02	26.45	24.67	25.56	2537
2025-07-22 00:00	25.40	27.00	24.84	25.87	2265
2025-07-23 00:00	25.87	26.09	23.20	23.96	2536
2025-07-24 00:00	23.88	24.40	22.53	23.62	2597
2025-07-25 00:00	23.58	24.02	22.88	24.02	897
2025-07-26 00:00	23.94	25.74	23.88	24.91	1681
2025-07-27 00:00	24.91	26.42	24.78	26.02	1344
2025-07-28 00:00	26.05	27.34	25.01	25.19	4842
2025-07-29 00:00	25.20	25.47	23.91	24.39	2117
2025-07-30 00:00	24.27	24.47	22.48	23.28	1008
2025-07-31 00:00	23.28	24.09	22.43	22.46	2220
2025-08-01 00:00	22.46	22.53	21.08	21.57	1892
2025-08-02 00:00	21.64	21.72	20.72	20.88	598
2025-08-03 00:00	20.95	24.92	20.12	21.47	2536
2025-08-04 00:00	21.40	23.07	21.38	23.06	1217
2025-08-05 00:00	23.05	23.06	21.42	21.92	812
2025-08-06 00:00	21.93	22.36	21.60	22.25	558
2025-08-07 00:00	22.16	23.30	22.04	23.28	1821
2025-08-08 00:00	23.34	23.91	23.02	23.77	2021
2025-08-09 00:00	23.77	24.82	23.77	24.21	1754
2025-08-10 00:00	24.25	24.52	23.30	23.89	2516
2025-08-11 00:00	23.74	24.60	22.00	22.88	3836
2025-08-12 00:00	22.90	24.88	22.80	24.73	1780
2025-08-13 00:00	24.71	25.67	24.37	25.50	2465
2025-08-14 00:00	25.48	25.99	23.23	23.66	3748
2025-08-15 00:00	23.73	25.61	23.51	23.63	2478
2025-08-16 00:00	23.80	24.32	23.62	24.32	2766
2025-08-17 00:00	24.21	25.65	24.03	25.06	2051
2025-08-18 00:00	25.03	25.27	23.39	23.66	1952
2025-08-19 00:00	23.67	24.02	22.34	22.34	3049
2025-08-20 00:00	22.49	23.57	22.28	23.48	1777
2025-08-21 00:00	23.43	23.58	22.74	22.74	1306
2025-08-22 00:00	22.87	25.38	22.28	25.26	5499
2025-08-23 00:00	25.21	26.74	24.54	26.26	5913
2025-08-24 00:00	26.30	26.55	24.96	25.75	4831
2025-08-25 00:00	25.76	25.93	23.08	23.36	2007
2025-08-26 00:00	23.26	24.63	23.13	24.18	1207
2025-08-27 00:00	24.14	25.29	23.88	24.57	1757
2025-08-28 00:00	24.45	25.04	24.19	24.91	813
2025-08-29 00:00	24.92	25.14	23.23	23.59	2910
2025-08-30 00:00	23.52	23.90	23.17	23.82	446
2025-08-31 00:00	23.79	24.16	23.40	23.40	373
2025-09-01 00:00	23.39	24.29	22.67	23.13	3238
2025-09-02 00:00	23.16	24.49	23.06	24.38	1119
2025-09-03 00:00	24.50	25.76	24.25	25.15	1327
2025-09-04 00:00	25.23	25.26	24.22	24.24	654
2025-09-05 00:00	24.22	25.20	23.91	24.49	2698
2025-09-06 00:00	24.50	24.59	24.13	24.38	906
2025-09-07 00:00	24.41	24.92	24.32	24.67	830
2025-09-08 00:00	24.67	25.76	24.53	25.31	1659
2025-09-09 00:00	25.22	26.37	24.94	25.92	1533
2025-09-10 00:00	25.78	29.50	25.78	29.49	11839
2025-09-11 00:00	29.44	30.00	28.36	29.20	7668
2025-09-12 00:00	29.22	29.38	28.29	28.95	3695
2025-09-13 00:00	28.95	31.20	28.79	30.05	4647
2025-09-14 00:00	30.12	30.57	29.02	29.44	7818
2025-09-15 00:00	29.42	30.40	28.28	29.83	5780
2025-09-16 00:00	29.88	30.99	29.17	30.03	1798
2025-09-17 00:00	30.06	31.98	29.43	31.87	5860
2025-09-18 00:00	31.82	35.44	31.71	35.20	10351
2025-09-19 00:00	35.28	35.78	32.53	33.68	8259
2025-09-20 00:00	33.79	34.04	32.86	33.16	1054
2025-09-21 00:00	33.12	33.53	32.60	33.06	1549
2025-09-22 00:00	33.00	33.95	29.47	33.74	9077
2025-09-23 00:00	33.81	36.09	32.78	33.64	4883
2025-09-24 00:00	33.55	34.83	32.31	32.42	2559
2025-09-25 00:00	32.26	32.71	28.62	28.64	9277
2025-09-26 00:00	28.60	29.55	27.08	28.87	5081
2025-09-27 00:00	28.94	28.97	28.27	28.79	997
2025-09-28 00:00	28.74	30.86	27.96	30.05	3170
2025-09-29 00:00	30.13	30.76	29.14	30.45	1440
2025-09-30 00:00	30.44	30.58	28.84	29.94	2173
2025-10-01 00:00	30.02	31.15	29.68	30.98	3849
2025-10-02 00:00	30.77	32.00	29.60	31.01	10356
2025-10-03 00:00	30.97	31.52	30.07	31.44	2898
2025-10-04 00:00	31.40	31.44	29.89	30.17	2394
2025-10-05 00:00	30.10	31.16	29.66	30.11	10275
2025-10-06 00:00	30.07	31.00	29.94	30.71	8611
2025-10-07 00:00	30.71	30.71	27.84	27.96	8062
2025-10-08 00:00	27.96	29.60	27.91	28.84	3505
2025-10-09 00:00	28.88	28.88	27.62	28.35	2305
2025-10-10 00:00	28.43	28.61	20.47	20.74	10575
2025-10-11 00:00	20.75	23.29	20.41	21.47	12311
2025-10-12 00:00	21.47	23.35	20.69	22.37	17424
2025-10-13 00:00	22.45	24.01	21.73	23.81	3776
2025-10-14 00:00	23.75	23.87	21.79	22.70	10176
2025-10-15 00:00	22.75	23.22	21.59	21.92	1338
2025-10-16 00:00	21.93	22.34	20.56	20.99	6972
2025-10-17 00:00	20.98	21.17	19.08	19.98	9341
2025-10-18 00:00	19.96	20.37	19.85	20.19	4832
2025-10-19 00:00	20.21	20.82	19.78	20.60	1325
2025-10-20 00:00	20.55	21.14	20.18	20.36	1249
2025-10-21 00:00	20.35	20.85	19.47	19.55	2710
2025-10-22 00:00	19.55	19.68	18.44	18.92	3587
2025-10-23 00:00	19.00	19.70	18.92	19.09	810
2025-10-24 00:00	19.14	19.92	19.05	19.48	2192
2025-10-25 00:00	19.51	19.81	19.28	19.67	408
2025-10-26 00:00	19.71	20.89	19.42	20.81	5208
2025-10-27 00:00	20.76	21.07	20.21	20.31	6467
2025-10-28 00:00	20.34	20.51	19.20	19.54	6703
2025-10-29 00:00	19.47	20.16	19.36	19.64	4480
2025-10-30 00:00	19.70	19.95	17.56	18.12	7393
2025-10-31 00:00	18.09	18.57	17.82	18.22	1614
2025-11-01 00:00	18.17	18.72	18.11	18.72	1048
2025-11-02 00:00	18.74	18.98	18.11	18.84	1093
2025-11-03 00:00	18.82	18.90	16.30	16.68	3833
2025-11-04 00:00	16.64	16.99	15.03	16.02	6433
2025-11-05 00:00	15.97	16.98	15.32	16.62	1579
2025-11-06 00:00	16.57	16.65	15.63	16.09	2507
2025-11-07 00:00	16.14	18.05	16.09	17.77	5022
2025-11-08 00:00	17.83	18.39	17.07	17.49	2527
2025-11-09 00:00	17.50	17.91	16.84	17.75	2481
2025-11-10 00:00	17.70	18.31	17.70	18.13	2505
2025-11-11 00:00	18.21	18.56	17.00	17.07	1647
2025-11-12 00:00	17.09	17.75	16.68	16.97	827
2025-11-13 00:00	16.87	17.69	15.83	16.27	3563
2025-11-14 00:00	16.05	16.27	14.89	15.13	2440
2025-11-15 00:00	15.30	15.76	15.13	15.53	46858
2025-11-16 00:00	15.54	15.84	14.66	14.79	9297