2020-08-18 00:00	2.09	4.44	2.00	3.10	6039883
2020-08-19 00:00	3.10	3.20	2.64	2.95	15895798
2020-08-20 00:00	2.94	3.11	2.60	2.90	11040883
2020-08-21 00:00	2.90	3.09	2.68	2.83	9765178
2020-08-22 00:00	2.84	4.55	2.78	4.45	41611502
2020-08-23 00:00	4.48	4.49	3.70	3.98	23845336
2020-08-24 00:00	3.98	4.80	3.78	4.58	25843976
2020-08-25 00:00	4.58	5.77	4.48	5.54	39457393
2020-08-26 00:00	5.54	6.57	5.10	6.07	37811544
2020-08-27 00:00	6.07	6.80	5.20	5.65	42626361
2020-08-28 00:00	5.66	6.35	5.46	6.18	24019197
2020-08-29 00:00	6.18	6.56	6.00	6.13	15360471
2020-08-30 00:00	6.13	6.25	5.70	5.89	13266559
2020-08-31 00:00	5.89	6.47	5.75	6.27	13564070
2020-09-01 00:00	6.27	6.86	6.12	6.24	16330285
2020-09-02 00:00	6.24	6.45	5.58	6.14	15500525
2020-09-03 00:00	6.14	6.33	5.55	5.67	21239891
2020-09-04 00:00	5.67	5.99	4.50	5.10	28314874
2020-09-05 00:00	5.10	5.31	3.53	4.15	32791327
2020-09-06 00:00	4.15	4.92	3.73	4.78	23608719
2020-09-07 00:00	4.78	4.84	4.00	4.59	16089634
2020-09-08 00:00	4.60	4.63	4.11	4.28	10449768
2020-09-09 00:00	4.27	4.79	4.08	4.70	11226002
2020-09-10 00:00	4.70	4.89	4.43	4.58	9912413
2020-09-11 00:00	4.58	4.75	4.31	4.65	9013028
2020-09-12 00:00	4.64	5.30	4.50	5.14	12566083
2020-09-13 00:00	5.14	5.48	4.77	5.32	16262670
2020-09-14 00:00	5.32	5.58	5.09	5.36	14288032
2020-09-15 00:00	5.36	5.45	5.01	5.05	10306470
2020-09-16 00:00	5.05	5.28	4.96	5.07	8102743
2020-09-17 00:00	5.07	5.43	5.04	5.34	10974023
2020-09-18 00:00	5.33	5.46	5.09	5.26	7241923
2020-09-19 00:00	5.26	5.26	4.79	4.92	6124441
2020-09-20 00:00	4.92	4.97	4.37	4.65	11400453
2020-09-21 00:00	4.66	4.70	3.91	4.07	18249059
2020-09-22 00:00	4.07	4.21	3.90	4.16	8023471
2020-09-23 00:00	4.16	4.32	3.94	4.01	9432643
2020-09-24 00:00	4.01	4.49	3.96	4.38	8363988
2020-09-25 00:00	4.38	4.53	4.24	4.41	6666518
2020-09-26 00:00	4.41	4.48	4.22	4.33	3890894
2020-09-27 00:00	4.33	4.36	4.12	4.30	3814350
2020-09-28 00:00	4.30	4.59	4.25	4.45	9835938
2020-09-29 00:00	4.45	4.61	4.33	4.50	7753041
2020-09-30 00:00	4.50	4.50	4.23	4.35	4418290
2020-10-01 00:00	4.35	4.59	4.23	4.35	7358269
2020-10-02 00:00	4.34	4.36	3.89	4.13	7748612
2020-10-03 00:00	4.13	4.13	4.03	4.06	3078961
2020-10-04 00:00	4.06	4.20	4.01	4.18	2793014
2020-10-05 00:00	4.17	4.25	4.11	4.16	4362207
2020-10-06 00:00	4.16	4.18	3.61	3.75	9256402
2020-10-07 00:00	3.75	3.90	3.60	3.85	8599097
2020-10-08 00:00	3.85	4.16	3.63	4.12	8531681
2020-10-09 00:00	4.11	4.35	4.01	4.25	6400396
2020-10-10 00:00	4.25	4.49	4.23	4.26	5182512
2020-10-11 00:00	4.26	4.34	4.17	4.25	3675691
2020-10-12 00:00	4.25	4.45	4.19	4.31	6228145
2020-10-13 00:00	4.31	4.35	4.13	4.25	4643199
2020-10-14 00:00	4.25	4.38	4.08	4.18	5239221
2020-10-15 00:00	4.18	4.19	4.02	4.10	3826688
2020-10-16 00:00	4.10	4.16	3.80	3.91	5544064
2020-10-17 00:00	3.91	3.98	3.86	3.97	1738628
2020-10-18 00:00	3.97	4.13	3.95	4.11	2456027
2020-10-19 00:00	4.11	4.12	3.95	3.99	2740639
2020-10-20 00:00	3.98	4.15	3.86	3.90	5741133
2020-10-21 00:00	3.90	4.26	3.89	4.14	7288884
2020-10-22 00:00	4.13	4.34	4.12	4.27	5758016
2020-10-23 00:00	4.27	4.48	4.18	4.26	8353085
2020-10-24 00:00	4.26	4.43	4.24	4.35	4486566
2020-10-25 00:00	4.35	4.45	4.26	4.33	4100286
2020-10-26 00:00	4.33	4.75	4.29	4.70	11305792
2020-10-27 00:00	4.71	4.95	4.64	4.67	10646905
2020-10-28 00:00	4.67	4.78	4.25	4.36	9278359
2020-10-29 00:00	4.36	4.41	3.85	4.06	10671210
2020-10-30 00:00	4.06	4.16	3.92	4.08	7322030
2020-10-31 00:00	4.08	4.28	4.06	4.19	3270342
2020-11-01 00:00	4.18	4.22	4.11	4.22	2456458
2020-11-02 00:00	4.22	4.26	3.96	4.03	5197367
2020-11-03 00:00	4.03	4.07	3.88	4.04	5133365
2020-11-04 00:00	4.04	4.16	3.89	4.10	7425649
2020-11-05 00:00	4.10	4.30	4.01	4.22	6288625
2020-11-06 00:00	4.22	4.64	4.20	4.58	8938297
2020-11-07 00:00	4.58	4.86	4.08	4.23	15757534
2020-11-08 00:00	4.23	4.43	4.13	4.37	5332087
2020-11-09 00:00	4.37	4.46	4.24	4.35	5918564
2020-11-10 00:00	4.35	4.51	4.30	4.42	5197311
2020-11-11 00:00	4.42	4.63	4.42	4.45	6264733
2020-11-12 00:00	4.45	4.48	4.31	4.40	4584734
2020-11-13 00:00	4.40	4.59	4.37	4.54	5539531
2020-11-14 00:00	4.54	4.55	4.35	4.46	5232930
2020-11-15 00:00	4.47	4.50	4.31	4.37	4897476
2020-11-16 00:00	4.37	4.60	4.34	4.50	6702934
2020-11-17 00:00	4.50	4.93	4.49	4.86	13923613
2020-11-18 00:00	4.86	4.95	4.50	4.68	11415135
2020-11-19 00:00	4.68	4.85	4.54	4.76	7976986
2020-11-20 00:00	4.76	5.47	4.74	5.23	17934466
2020-11-21 00:00	5.23	5.81	5.13	5.78	14938181
2020-11-22 00:00	5.78	5.85	5.17	5.52	12275166
2020-11-23 00:00	5.52	5.96	5.42	5.91	14908194
2020-11-24 00:00	5.91	6.09	5.61	5.73	15057251
2020-11-25 00:00	5.73	5.83	5.13	5.30	10948146
2020-11-26 00:00	5.30	5.38	4.43	4.81	20179741
2020-11-27 00:00	4.81	5.08	4.50	4.82	8464939
2020-11-28 00:00	4.81	4.95	4.67	4.89	5004606
2020-11-29 00:00	4.89	5.21	4.80	5.19	5392553
2020-11-30 00:00	5.19	5.45	5.13	5.38	9070483
2020-12-01 00:00	5.38	5.54	4.92	5.08	10943853
2020-12-02 00:00	5.08	5.55	5.00	5.46	7081969
2020-12-03 00:00	5.46	5.57	5.32	5.40	5002305
2020-12-04 00:00	5.40	5.43	4.96	5.00	5569130
2020-12-05 00:00	5.00	5.19	4.88	5.18	4496818
2020-12-06 00:00	5.18	5.21	5.00	5.13	2749781
2020-12-07 00:00	5.13	5.16	5.01	5.06	2453431
2020-12-08 00:00	5.06	5.07	4.70	4.74	5044026
2020-12-09 00:00	4.74	4.94	4.62	4.87	5290296
2020-12-10 00:00	4.87	4.92	4.70	4.80	2575269
2020-12-11 00:00	4.80	4.82	4.54	4.61	3915745
2020-12-12 00:00	4.61	4.80	4.61	4.74	2757372
2020-12-13 00:00	4.74	5.10	4.72	4.90	3939275
2020-12-14 00:00	4.90	5.01	4.83	4.90	2543873
2020-12-15 00:00	4.90	5.29	4.84	5.24	5957081
2020-12-16 00:00	5.24	5.37	5.12	5.36	7988654
2020-12-17 00:00	5.36	5.75	5.27	5.35	11536888
2020-12-18 00:00	5.34	5.51	5.25	5.35	5673166
2020-12-19 00:00	5.36	5.58	5.28	5.34	5524032
2020-12-20 00:00	5.34	5.44	5.07	5.19	6165735
2020-12-21 00:00	5.19	5.45	4.77	4.87	7615815
2020-12-22 00:00	4.87	5.21	4.80	5.16	8558761
2020-12-23 00:00	5.15	5.19	4.59	4.71	8098144
2020-12-24 00:00	4.71	5.20	4.63	5.11	8292445
2020-12-25 00:00	5.11	5.29	5.04	5.21	5278827
2020-12-26 00:00	5.21	5.29	5.08	5.19	4830472
2020-12-27 00:00	5.19	5.47	4.93	5.15	12600522
2020-12-28 00:00	5.15	6.70	5.11	6.60	28565846
2020-12-29 00:00	6.59	7.70	6.12	7.54	43059762
2020-12-30 00:00	7.55	7.68	7.06	7.23	29271568
2020-12-31 00:00	7.23	9.51	7.12	9.26	39283546
2021-01-01 00:00	9.26	9.43	8.07	8.28	40444993
2021-01-02 00:00	8.28	9.89	7.89	9.20	41542062
2021-01-03 00:00	9.21	10.50	8.84	10.13	37224747
2021-01-04 00:00	10.15	10.52	8.70	9.51	35234023
2021-01-05 00:00	9.51	10.04	9.01	9.71	20433642
2021-01-06 00:00	9.71	10.45	9.46	10.07	24556033
2021-01-07 00:00	10.07	10.68	9.38	9.64	23807926
2021-01-08 00:00	9.64	9.81	8.78	9.30	18487762
2021-01-09 00:00	9.30	9.82	9.04	9.74	11628718
2021-01-10 00:00	9.74	9.99	8.61	9.29	13493658
2021-01-11 00:00	9.30	9.32	7.16	8.27	39051206
2021-01-12 00:00	8.27	8.72	7.92	8.31	17770159
2021-01-13 00:00	8.31	11.44	7.98	10.95	33973338
2021-01-14 00:00	10.94	14.68	10.88	14.49	50546627
2021-01-15 00:00	14.49	14.96	11.76	13.17	56797271
2021-01-16 00:00	13.16	19.40	13.16	17.99	80460112
2021-01-17 00:00	17.98	18.27	16.28	17.08	50659241
2021-01-18 00:00	17.09	18.22	15.70	16.59	26097596
2021-01-19 00:00	16.58	17.49	15.89	16.39	23747496
2021-01-20 00:00	16.40	18.21	14.79	17.98	33656690
2021-01-21 00:00	17.98	18.15	14.98	15.98	38983817
2021-01-22 00:00	15.98	18.02	14.71	17.12	31458065
2021-01-23 00:00	17.12	18.80	16.80	18.74	24293140
2021-01-24 00:00	18.74	18.76	17.22	17.97	15685481
2021-01-25 00:00	17.98	19.10	17.07	17.21	19765666
2021-01-26 00:00	17.21	17.78	16.00	17.10	14031611
2021-01-27 00:00	17.11	17.13	15.03	15.43	18777471
2021-01-28 00:00	15.44	17.49	15.26	16.86	18773147
2021-01-29 00:00	16.87	17.75	15.94	16.80	24085517
2021-01-30 00:00	16.80	17.08	16.13	16.53	10071938
2021-01-31 00:00	16.54	17.53	15.64	16.11	13322292
2021-02-01 00:00	16.12	16.56	15.58	16.44	10427250
2021-02-02 00:00	16.44	17.67	15.98	17.18	17507029
2021-02-03 00:00	17.18	20.93	16.80	20.85	28800027
2021-02-04 00:00	20.86	21.73	18.57	19.67	25501908
2021-02-05 00:00	19.67	21.40	19.35	20.84	17350816
2021-02-06 00:00	20.83	21.40	19.84	20.37	11925141
2021-02-07 00:00	20.37	20.80	18.46	19.73	15159846
2021-02-08 00:00	19.74	23.70	19.18	22.99	25522348
2021-02-09 00:00	22.98	24.12	22.23	23.08	16067737
2021-02-10 00:00	23.09	24.85	21.89	23.58	16612797
2021-02-11 00:00	23.58	25.71	23.24	25.02	13943364
2021-02-12 00:00	25.00	29.73	24.50	28.66	15767790
2021-02-13 00:00	28.65	30.21	27.22	27.94	15559740
2021-02-14 00:00	27.96	29.41	26.40	26.87	10698755
2021-02-15 00:00	26.88	29.54	23.16	27.80	20272347
2021-02-16 00:00	27.82	31.06	26.80	30.08	20070883
2021-02-17 00:00	30.09	32.40	29.61	31.99	14917512
2021-02-18 00:00	31.98	32.59	30.55	31.11	7915407
2021-02-19 00:00	31.11	35.00	29.50	34.82	16536490
2021-02-20 00:00	34.81	42.28	34.70	38.94	29189741
2021-02-21 00:00	38.94	40.70	38.00	39.59	15160372
2021-02-22 00:00	39.59	39.74	30.81	37.61	27519496
2021-02-23 00:00	37.64	37.80	26.50	34.53	40437233
2021-02-24 00:00	34.57	36.80	31.10	33.64	20265965
2021-02-25 00:00	33.63	35.26	30.86	31.23	13365980
2021-02-26 00:00	31.23	33.55	28.00	31.44	25275261
2021-02-27 00:00	31.45	35.66	31.35	33.46	20330337
2021-02-28 00:00	33.47	34.56	29.70	33.80	19977158
2021-03-01 00:00	33.80	35.66	33.01	35.63	13666169
2021-03-02 00:00	35.63	37.92	34.38	36.14	15276442
2021-03-03 00:00	36.15	38.68	36.10	37.10	11641728
2021-03-04 00:00	37.07	38.38	34.35	35.22	11601626
2021-03-05 00:00	35.23	35.27	31.31	33.62	15293715
2021-03-06 00:00	33.59	34.20	32.05	33.36	6037246
2021-03-07 00:00	33.36	35.30	33.36	35.10	6061117
2021-03-08 00:00	35.09	35.56	33.41	34.97	6813825
2021-03-09 00:00	34.99	38.88	34.51	38.19	12891859
2021-03-10 00:00	38.18	39.60	36.22	37.55	12012646
2021-03-11 00:00	37.55	38.04	35.87	36.90	8664308
2021-03-12 00:00	36.90	37.50	34.38	35.96	6812878
2021-03-13 00:00	35.96	38.27	34.69	37.14	7399300
2021-03-14 00:00	37.13	38.00	36.25	36.44	4741838
2021-03-15 00:00	36.44	38.56	33.84	34.30	10731505
2021-03-16 00:00	34.29	35.54	32.07	35.40	9126102
2021-03-17 00:00	35.40	36.45	34.39	36.10	6842544
2021-03-18 00:00	36.12	37.02	34.96	35.34	5558754
2021-03-19 00:00	35.34	38.86	34.60	38.17	9561430
2021-03-20 00:00	38.17	40.10	37.16	37.23	8583185
2021-03-21 00:00	37.23	38.10	36.10	36.69	6631064
2021-03-22 00:00	36.68	37.78	35.06	35.23	6137365
2021-03-23 00:00	35.22	36.29	34.03	34.22	5897745
2021-03-24 00:00	34.20	36.15	27.46	30.22	13285978
2021-03-25 00:00	30.21	31.27	28.30	29.81	17474892
2021-03-26 00:00	29.81	33.37	29.79	33.18	7974015
2021-03-27 00:00	33.16	33.50	31.11	32.59	6080778
2021-03-28 00:00	32.59	33.22	31.23	32.23	4896814
2021-03-29 00:00	32.23	34.71	31.75	34.34	6754346
2021-03-30 00:00	34.34	34.80	33.49	33.98	5489206
2021-03-31 00:00	33.98	38.28	33.22	37.08	14303180
2021-04-01 00:00	37.08	38.95	36.00	37.46	9608205
2021-04-02 00:00	37.47	41.41	36.57	41.03	10204685
2021-04-03 00:00	41.03	46.80	40.91	41.38	18075420
2021-04-04 00:00	41.38	45.09	40.67	44.31	8717912
2021-04-05 00:00	44.32	45.87	41.81	45.80	7991413
2021-04-06 00:00	45.80	46.26	41.56	43.35	9415437
2021-04-07 00:00	43.35	43.50	37.69	39.50	11787539
2021-04-08 00:00	39.51	41.60	39.21	41.33	5879806
2021-04-09 00:00	41.32	42.10	40.05	40.81	4356138
2021-04-10 00:00	40.81	42.76	39.98	41.59	5302339
2021-04-11 00:00	41.60	41.87	39.98	41.32	5023908
2021-04-12 00:00	41.31	41.77	39.36	40.46	6509522
2021-04-13 00:00	40.46	43.36	39.81	42.93	9390999
2021-04-14 00:00	42.93	44.56	40.00	42.52	10710872
2021-04-15 00:00	42.52	44.30	41.40	43.43	8291353
2021-04-16 00:00	43.42	43.83	40.00	41.39	9269601
2021-04-17 00:00	41.39	48.36	41.37	42.06	17205174
2021-04-18 00:00	42.06	42.71	32.00	37.36	25846992
2021-04-19 00:00	37.36	38.70	34.00	34.74	11880850
2021-04-20 00:00	34.74	35.75	31.55	35.41	14345923
2021-04-21 00:00	35.41	36.32	33.03	33.80	11604162
2021-04-22 00:00	33.77	36.76	32.80	32.96	17785844
2021-04-23 00:00	32.95	33.50	26.64	32.23	25295091
2021-04-24 00:00	32.24	32.40	28.53	28.96	12019229
2021-04-25 00:00	28.98	31.30	28.10	29.83	7392965
2021-04-26 00:00	29.83	33.47	29.76	33.40	12586881
2021-04-27 00:00	33.40	34.94	33.14	34.85	10126586
2021-04-28 00:00	34.85	35.39	32.57	33.97	9168467
2021-04-29 00:00	33.97	36.00	32.97	35.98	8746905
2021-04-30 00:00	35.98	36.81	35.09	36.52	11153659
2021-05-01 00:00	36.51	37.46	35.80	36.91	7426816
2021-05-02 00:00	36.90	37.18	35.49	36.63	6899304
2021-05-03 00:00	36.62	38.30	36.57	37.25	8437662
2021-05-04 00:00	37.25	37.93	34.37	34.78	13221714
2021-05-05 00:00	34.78	40.76	34.52	40.42	15940806
2021-05-06 00:00	40.42	43.90	37.98	41.59	19626555
2021-05-07 00:00	41.56	42.80	38.34	39.86	13673682
2021-05-08 00:00	39.87	40.65	38.69	39.90	7174531
2021-05-09 00:00	39.90	40.56	38.20	40.30	9941024
2021-05-10 00:00	40.31	41.85	32.06	36.49	15156298
2021-05-11 00:00	36.49	38.68	35.53	38.64	10529273
2021-05-12 00:00	38.64	42.47	33.74	35.13	19203777
2021-05-13 00:00	35.13	41.87	33.00	39.99	32382556
2021-05-14 00:00	39.98	48.00	39.38	47.98	25755898
2021-05-15 00:00	47.97	49.78	42.72	43.64	29713902
2021-05-16 00:00	43.64	46.72	39.28	42.44	19390143
2021-05-17 00:00	42.43	42.47	35.10	38.69	22756847
2021-05-18 00:00	38.69	42.60	37.65	40.60	18784145
2021-05-19 00:00	40.60	41.40	18.00	25.04	76760050
2021-05-20 00:00	25.04	31.29	21.20	28.96	46079568
2021-05-21 00:00	28.94	31.00	20.00	24.40	49259746
2021-05-22 00:00	24.39	24.60	20.31	22.06	32371289
2021-05-23 00:00	22.05	23.47	13.64	17.91	65071254
2021-05-24 00:00	17.91	23.48	17.10	23.26	43581102
2021-05-25 00:00	23.27	24.22	19.65	22.16	34789743
2021-05-26 00:00	22.15	24.77	21.60	24.53	26085539
2021-05-27 00:00	24.53	24.95	21.75	23.98	22582383
2021-05-28 00:00	23.99	26.22	20.00	21.35	40752112
2021-05-29 00:00	21.35	22.32	18.78	19.87	20620492
2021-05-30 00:00	19.88	21.36	18.42	20.47	17307797
2021-05-31 00:00	20.46	23.45	19.06	23.26	21593173
2021-06-01 00:00	23.27	23.54	21.60	22.84	18793980
2021-06-02 00:00	22.84	26.87	22.65	25.92	24489824
2021-06-03 00:00	25.91	28.60	25.67	27.00	22096646
2021-06-04 00:00	27.01	27.02	23.61	24.99	23200156
2021-06-05 00:00	24.99	26.40	22.93	23.77	15159310
2021-06-06 00:00	23.77	24.50	23.43	24.18	8542649
2021-06-07 00:00	24.19	25.28	21.30	21.69	16728803
2021-06-08 00:00	21.69	22.29	19.60	21.65	22854724
2021-06-09 00:00	21.64	23.34	20.36	23.21	17895905
2021-06-10 00:00	23.22	24.60	22.04	22.68	18698966
2021-06-11 00:00	22.68	23.21	20.49	20.95	12851441
2021-06-12 00:00	20.95	21.26	19.50	20.74	12547307
2021-06-13 00:00	20.74	22.41	19.93	22.04	9398788
2021-06-14 00:00	22.04	26.03	21.23	25.86	23122037
2021-06-15 00:00	25.86	26.01	23.51	23.94	17728405
2021-06-16 00:00	23.94	24.58	22.49	23.03	13836290
2021-06-17 00:00	23.03	24.00	22.00	22.53	10290452
2021-06-18 00:00	22.54	22.57	20.20	21.43	10556091
2021-06-19 00:00	21.43	21.63	20.22	20.22	7447173
2021-06-20 00:00	20.22	21.00	18.87	20.62	11045368
2021-06-21 00:00	20.62	20.79	15.35	15.71	27185149
2021-06-22 00:00	15.71	16.94	13.00	14.69	42443394
2021-06-23 00:00	14.68	16.80	13.96	15.79	24268115
2021-06-24 00:00	15.79	16.61	14.72	16.22	14150500
2021-06-25 00:00	16.22	16.74	14.41	14.42	15832660
2021-06-26 00:00	14.42	14.98	13.62	14.51	13921615
2021-06-27 00:00	14.51	15.03	14.03	15.01	10035162
2021-06-28 00:00	15.01	16.03	14.58	15.79	12407593
2021-06-29 00:00	15.79	17.03	15.71	16.30	15069053
2021-06-30 00:00	16.31	16.63	15.09	16.40	13522557
2021-07-01 00:00	16.40	16.41	14.85	15.17	10239284
2021-07-02 00:00	15.17	15.46	14.62	15.29	7898939
2021-07-03 00:00	15.29	15.75	15.02	15.52	7020649
2021-07-04 00:00	15.52	16.58	15.16	15.98	8386804
2021-07-05 00:00	15.97	15.98	14.50	15.23	10609378
2021-07-06 00:00	15.23	16.19	15.19	16.14	12531797
2021-07-07 00:00	16.13	17.67	16.09	16.86	18479504
2021-07-08 00:00	16.86	16.89	14.99	15.32	13613830
2021-07-09 00:00	15.31	15.92	14.82	15.68	8527474
2021-07-10 00:00	15.68	16.00	15.04	15.28	7361539
2021-07-11 00:00	15.28	15.71	15.14	15.50	5220615
2021-07-12 00:00	15.50	15.65	14.38	14.85	7384787
2021-07-13 00:00	14.85	15.10	14.01	14.19	7000696
2021-07-14 00:00	14.19	14.23	13.16	13.80	11240749
2021-07-15 00:00	13.80	14.11	12.74	13.10	11295483
2021-07-16 00:00	13.10	13.31	12.00	12.03	11747834
2021-07-17 00:00	12.03	12.74	11.71	12.29	12685783
2021-07-18 00:00	12.30	12.93	12.26	12.65	8943574
2021-07-19 00:00	12.65	12.74	11.35	11.46	13496616
2021-07-20 00:00	11.46	11.56	10.37	10.96	15411254
2021-07-21 00:00	10.96	12.86	10.67	12.34	20720514
2021-07-22 00:00	12.34	13.37	11.81	13.15	17109998
2021-07-23 00:00	13.15	13.52	12.32	13.40	14319268
2021-07-24 00:00	13.40	14.06	13.12	13.75	13352559
2021-07-25 00:00	13.76	13.83	13.09	13.73	10636626
2021-07-26 00:00	13.73	15.30	13.63	13.93	25704138
2021-07-27 00:00	13.92	14.54	13.35	14.37	16376874
2021-07-28 00:00	14.36	14.76	13.92	14.55	13296437
2021-07-29 00:00	14.54	15.39	14.26	15.25	16761661
2021-07-30 00:00	15.26	15.86	14.40	15.79	12163640
2021-07-31 00:00	15.79	17.02	15.58	16.78	12128016
2021-08-01 00:00	16.78	19.90	16.54	18.42	29839979
2021-08-02 00:00	18.42	18.94	17.56	17.98	17843862
2021-08-03 00:00	17.98	18.55	16.81	17.43	15066130
2021-08-04 00:00	17.43	19.58	17.09	19.15	17035379
2021-08-05 00:00	19.15	19.46	17.86	19.12	17528337
2021-08-06 00:00	19.12	20.80	18.52	20.42	17461356
2021-08-07 00:00	20.42	21.68	20.02	20.96	16386930
2021-08-08 00:00	20.96	21.21	19.19	19.65	11727312
2021-08-09 00:00	19.65	21.27	18.71	20.57	12450263
2021-08-10 00:00	20.57	21.42	20.08	20.62	13345074
2021-08-11 00:00	20.61	22.45	20.54	21.35	17980862
2021-08-12 00:00	21.35	22.31	19.90	20.76	13916649
2021-08-13 00:00	20.76	22.73	20.50	22.72	10079239
2021-08-14 00:00	22.72	23.49	21.77	22.84	12206888
2021-08-15 00:00	22.83	23.33	21.84	23.15	10311583
2021-08-16 00:00	23.15	25.70	22.82	24.43	23210265
2021-08-17 00:00	24.42	27.42	23.01	23.55	29082434
2021-08-18 00:00	23.55	25.18	22.50	23.87	20325867
2021-08-19 00:00	23.87	26.85	23.46	26.58	18955421
2021-08-20 00:00	26.58	28.48	26.07	28.15	18087092
2021-08-21 00:00	28.15	29.35	27.47	27.86	15380825
2021-08-22 00:00	27.86	28.52	26.50	27.69	12726858
2021-08-23 00:00	27.68	28.63	27.31	27.88	12452329
2021-08-24 00:00	27.88	28.17	24.35	25.07	15563803
2021-08-25 00:00	25.07	26.55	24.47	25.98	13580786
2021-08-26 00:00	25.98	26.40	23.46	23.92	12202117
2021-08-27 00:00	23.92	26.79	23.45	26.53	12760606
2021-08-28 00:00	26.53	26.76	25.40	25.96	6962120
2021-08-29 00:00	25.96	26.46	25.24	25.70	5969189
2021-08-30 00:00	25.71	27.58	24.32	26.03	14865346
2021-08-31 00:00	26.05	31.95	25.61	31.35	40601780
2021-09-01 00:00	31.34	33.84	29.60	33.18	26017678
2021-09-02 00:00	33.17	33.20	31.24	31.79	13487651
2021-09-03 00:00	31.78	34.00	30.51	33.57	14346189
2021-09-04 00:00	33.58	34.13	32.00	32.40	7731379
2021-09-05 00:00	32.41	34.78	31.97	34.42	9486956
2021-09-06 00:00	34.43	35.10	32.30	34.35	12428106
2021-09-07 00:00	34.35	35.68	22.66	27.97	40408273
2021-09-08 00:00	27.97	28.88	25.20	27.76	23830501
2021-09-09 00:00	27.76	31.88	27.00	29.82	21170388
2021-09-10 00:00	29.82	32.65	28.00	29.19	27860767
2021-09-11 00:00	29.18	32.10	28.25	31.57	15331096
2021-09-12 00:00	31.57	36.45	30.66	35.79	28871496
2021-09-13 00:00	35.81	38.07	31.50	34.84	49716018
2021-09-14 00:00	34.84	38.77	34.08	37.36	23675951
2021-09-15 00:00	37.35	38.01	35.55	36.47	12212869
2021-09-16 00:00	36.46	36.97	34.00	35.50	13726333
2021-09-17 00:00	35.51	36.94	32.19	33.03	14073943
2021-09-18 00:00	33.04	35.90	32.51	34.87	9990462
2021-09-19 00:00	34.86	34.90	33.01	33.85	7884357
2021-09-20 00:00	33.86	33.91	26.55	28.31	28383506
2021-09-21 00:00	28.31	30.38	25.50	26.39	24316324
2021-09-22 00:00	26.39	32.00	25.91	31.60	18161452
2021-09-23 00:00	31.58	33.60	30.37	33.41	13516640
2021-09-24 00:00	33.42	33.54	27.90	30.79	28521552
2021-09-25 00:00	30.79	32.22	29.41	29.82	13368552
2021-09-26 00:00	29.83	30.06	26.76	28.84	18340736
2021-09-27 00:00	28.84	30.26	27.50	27.71	11094446
2021-09-28 00:00	27.72	28.38	26.14	26.31	9784176
2021-09-29 00:00	26.31	28.59	26.11	27.28	10207310
2021-09-30 00:00	27.28	28.99	27.13	28.62	8201577
2021-10-01 00:00	28.61	32.33	28.50	31.94	13176372
2021-10-02 00:00	31.94	33.39	31.52	32.01	8748389
2021-10-03 00:00	32.01	32.69	31.17	32.11	7871457
2021-10-04 00:00	32.10	32.11	30.04	31.15	9287991
2021-10-05 00:00	31.15	32.16	30.52	31.39	8537881
2021-10-06 00:00	31.39	33.09	29.11	32.19	14373613
2021-10-07 00:00	32.19	35.31	30.93	33.98	20356617
2021-10-08 00:00	33.98	34.49	33.03	33.35	11134610
2021-10-09 00:00	33.36	36.90	33.00	36.33	12546774
2021-10-10 00:00	36.33	37.45	34.13	34.43	13147599
2021-10-11 00:00	34.42	36.09	33.25	34.13	11467516
2021-10-12 00:00	34.12	35.43	32.07	35.17	13326483
2021-10-13 00:00	35.16	43.22	33.57	41.69	36492757
2021-10-14 00:00	41.69	42.54	39.33	40.71	20178026
2021-10-15 00:00	40.69	44.24	39.45	43.28	22085770
2021-10-16 00:00	43.27	44.78	41.26	41.75	13673199
2021-10-17 00:00	41.74	42.87	39.52	42.12	10386705
2021-10-18 00:00	42.11	43.25	40.25	41.17	10911253
2021-10-19 00:00	41.16	41.65	40.01	41.34	8843930
2021-10-20 00:00	41.35	45.22	41.08	44.42	13310269
2021-10-21 00:00	44.41	45.53	41.91	42.84	14782037
2021-10-22 00:00	42.83	46.39	42.68	43.51	16062774
2021-10-23 00:00	43.50	44.79	43.08	43.95	6138315
2021-10-24 00:00	43.94	44.17	41.27	42.31	7260746
2021-10-25 00:00	42.30	44.80	42.11	44.55	7291808
2021-10-26 00:00	44.55	46.00	43.31	44.93	9161858
2021-10-27 00:00	44.93	45.77	38.70	40.44	17560584
2021-10-28 00:00	40.43	43.12	39.81	41.82	11629324
2021-10-29 00:00	41.82	44.35	41.56	44.20	8788054
2021-10-30 00:00	44.19	44.31	42.08	42.73	5254574
2021-10-31 00:00	42.73	43.36	41.01	42.77	6375454
2021-11-01 00:00	42.78	51.57	41.70	49.98	23714054
2021-11-02 00:00	49.98	53.35	48.01	51.66	19822836
2021-11-03 00:00	51.66	54.54	49.07	53.34	17237190
2021-11-04 00:00	53.35	55.09	52.16	53.82	14091379
2021-11-05 00:00	53.83	53.93	50.56	51.76	8742303
2021-11-06 00:00	51.75	52.42	49.00	52.02	8114035
2021-11-07 00:00	52.03	53.53	51.29	52.22	7102225
2021-11-08 00:00	52.22	53.87	51.63	53.36	7797444
2021-11-09 00:00	53.36	53.39	50.52	50.78	10322532
2021-11-10 00:00	50.79	52.08	42.50	46.74	19625939
2021-11-11 00:00	46.74	49.44	45.55	47.44	9323706
2021-11-12 00:00	47.44	47.72	44.04	45.90	10701000
2021-11-13 00:00	45.90	47.55	44.86	47.07	6068740
2021-11-14 00:00	47.07	47.83	45.02	46.39	4667491
2021-11-15 00:00	46.39	47.46	44.50	44.77	6580887
2021-11-16 00:00	44.78	44.78	38.10	40.84	19699816
2021-11-17 00:00	40.84	42.78	38.76	42.75	11336106
2021-11-18 00:00	42.75	43.27	37.53	39.03	14653400
2021-11-19 00:00	39.03	42.28	38.36	41.24	8936351
2021-11-20 00:00	41.23	42.10	39.83	42.10	5821429
2021-11-21 00:00	42.09	43.56	40.64	41.94	6646342
2021-11-22 00:00	41.95	42.16	38.80	39.49	8474312
2021-11-23 00:00	39.48	41.47	38.54	40.78	6985906
2021-11-24 00:00	40.76	40.92	38.04	38.28	7264710
2021-11-25 00:00	38.27	40.93	38.04	39.47	7371969
2021-11-26 00:00	39.48	39.62	33.67	34.56	16596291
2021-11-27 00:00	34.55	36.12	34.43	35.16	6817558
2021-11-28 00:00	35.16	35.85	32.21	35.76	10439329
2021-11-29 00:00	35.75	37.53	35.40	37.10	7442080
2021-11-30 00:00	37.10	39.35	35.28	37.95	9758925
2021-12-01 00:00	37.96	38.78	36.22	36.76	6936658
2021-12-02 00:00	36.76	36.79	35.05	35.75	5653263
2021-12-03 00:00	35.76	36.84	32.56	33.70	9114555
2021-12-04 00:00	33.70	33.86	24.35	29.38	24608063
2021-12-05 00:00	29.38	29.74	26.33	28.31	11536680
2021-12-06 00:00	28.31	28.92	24.84	28.13	16137283
2021-12-07 00:00	28.12	31.49	27.69	30.50	13072439
2021-12-08 00:00	30.49	30.63	28.02	29.84	10373094
2021-12-09 00:00	29.85	30.13	26.80	26.90	9383795
2021-12-10 00:00	26.91	28.43	25.71	26.44	11306718
2021-12-11 00:00	26.44	28.18	25.81	27.81	8148524
2021-12-12 00:00	27.82	30.12	27.31	29.54	5833866
2021-12-13 00:00	29.54	29.87	25.54	25.96	10567642
2021-12-14 00:00	25.97	26.71	25.00	26.15	10444153
2021-12-15 00:00	26.14	28.03	24.27	27.14	13451399
2021-12-16 00:00	27.14	27.84	25.55	26.02	14427904
2021-12-17 00:00	26.02	26.21	24.16	24.64	10404095
2021-12-18 00:00	24.64	25.72	24.21	25.49	7438334
2021-12-19 00:00	25.48	25.86	24.63	24.78	5758409
2021-12-20 00:00	24.78	25.01	23.27	24.07	7054358
2021-12-21 00:00	24.07	25.59	23.74	25.16	7753631
2021-12-22 00:00	25.16	28.23	24.98	27.22	10788888
2021-12-23 00:00	27.23	29.81	26.73	29.16	10939253
2021-12-24 00:00	29.16	29.67	27.83	28.14	6454729
2021-12-25 00:00	28.14	29.12	27.94	28.84	3991363
2021-12-26 00:00	28.86	31.74	28.27	31.32	9410483
2021-12-27 00:00	31.32	32.78	30.83	30.97	8621045
2021-12-28 00:00	30.96	30.97	27.46	27.83	15827636
2021-12-29 00:00	27.84	28.96	26.48	26.82	9578689
2021-12-30 00:00	26.81	28.42	26.17	27.54	7798031
2021-12-31 00:00	27.54	28.12	26.24	26.66	9509798
2022-01-01 00:00	26.67	28.65	26.66	28.60	5227908
2022-01-02 00:00	28.60	30.62	27.82	29.69	8943634
2022-01-03 00:00	29.69	30.88	28.62	30.11	11891206
2022-01-04 00:00	30.10	30.58	28.66	28.69	11150603
2022-01-05 00:00	28.69	30.39	25.05	26.72	14135719
2022-01-06 00:00	26.73	27.36	25.50	26.72	11413501
2022-01-07 00:00	26.72	26.86	24.24	24.90	14334577
2022-01-08 00:00	24.90	25.54	23.12	23.99	9966577
2022-01-09 00:00	23.98	25.32	23.67	24.63	7524683
2022-01-10 00:00	24.63	25.22	22.43	23.72	11667848
2022-01-11 00:00	23.73	26.00	23.48	25.56	9474385
2022-01-12 00:00	25.56	27.58	25.45	27.32	7566915
2022-01-13 00:00	27.33	27.68	25.71	25.79	7657405
2022-01-14 00:00	25.79	27.88	25.53	27.75	9450565
2022-01-15 00:00	27.75	28.41	26.83	27.60	5576508
2022-01-16 00:00	27.60	28.47	27.26	27.70	7074109
2022-01-17 00:00	27.70	27.76	25.10	25.69	8233978
2022-01-18 00:00	25.69	26.07	24.24	25.15	7146364
2022-01-19 00:00	25.15	25.30	23.68	24.05	6462955
2022-01-20 00:00	24.06	25.62	22.84	23.01	6579383
2022-01-21 00:00	23.01	23.48	19.04	19.67	17269912
2022-01-22 00:00	19.66	20.16	16.17	18.27	23239934
2022-01-23 00:00	18.27	19.20	17.73	18.81	11484104
2022-01-24 00:00	18.81	18.82	15.83	18.02	20382325
2022-01-25 00:00	18.02	19.05	17.36	18.31	9945929
2022-01-26 00:00	18.32	20.06	17.51	18.08	14459847
2022-01-27 00:00	18.08	18.42	17.14	18.12	9272436
2022-01-28 00:00	18.12	18.49	17.36	18.34	7391389
2022-01-29 00:00	18.34	19.06	18.08	18.74	4893452
2022-01-30 00:00	18.75	19.00	17.80	18.15	5075696
2022-01-31 00:00	18.15	19.61	17.12	19.37	8316865
2022-02-01 00:00	19.38	20.00	19.15	19.57	8041842
2022-02-02 00:00	19.57	20.58	18.53	18.76	8770656
2022-02-03 00:00	18.77	18.96	17.97	18.92	6622725
2022-02-04 00:00	18.91	20.53	18.71	20.48	9085320
2022-02-05 00:00	20.49	22.29	20.30	21.33	8873588
2022-02-06 00:00	21.32	21.93	20.78	21.91	4784628
2022-02-07 00:00	21.91	22.70	21.39	22.35	9934004
2022-02-08 00:00	22.36	23.19	21.06	21.66	10692874
2022-02-09 00:00	21.66	22.24	21.05	21.94	5280832
2022-02-10 00:00	21.95	22.48	20.49	20.51	9904034
2022-02-11 00:00	20.51	20.73	18.58	18.98	9587292
2022-02-12 00:00	18.98	19.42	18.25	18.82	6512839
2022-02-13 00:00	18.83	19.28	18.38	18.73	4676142
2022-02-14 00:00	18.74	18.95	18.02	18.70	5076301
2022-02-15 00:00	18.70	20.34	18.64	20.16	5429558
2022-02-16 00:00	20.17	20.19	19.05	19.76	5644554
2022-02-17 00:00	19.77	20.01	17.80	18.16	7873746
2022-02-18 00:00	18.17	18.60	17.59	17.82	6205884
2022-02-19 00:00	17.82	18.22	17.34	17.84	3508103
2022-02-20 00:00	17.85	17.87	16.67	16.91	6518919
2022-02-21 00:00	16.91	17.74	16.03	16.18	11179171
2022-02-22 00:00	16.18	16.73	15.80	16.60	8428498
2022-02-23 00:00	16.61	17.51	15.91	15.97	10054539
2022-02-24 00:00	15.97	16.75	14.05	16.16	22295879
2022-02-25 00:00	16.17	17.52	15.78	17.25	8247706
2022-02-26 00:00	17.26	18.78	17.16	18.03	10980488
2022-02-27 00:00	18.03	18.72	17.07	17.50	9880053
2022-02-28 00:00	17.50	19.11	16.62	18.94	14925543
2022-03-01 00:00	18.94	19.56	18.32	18.89	11678064
2022-03-02 00:00	18.90	19.26	18.35	18.61	8423591
2022-03-03 00:00	18.61	18.67	17.77	18.02	7635779
2022-03-04 00:00	18.02	18.06	16.50	16.79	8560765
2022-03-05 00:00	16.79	17.80	16.18	17.33	5102464
2022-03-06 00:00	17.33	17.59	16.51	16.99	5491995
2022-03-07 00:00	16.99	17.14	16.00	16.41	7319602
2022-03-08 00:00	16.41	17.28	16.31	16.97	6276610
2022-03-09 00:00	16.97	18.09	16.88	17.86	5743657
2022-03-10 00:00	17.87	17.93	16.68	16.96	5040320
2022-03-11 00:00	16.97	18.49	16.69	17.69	9500297
2022-03-12 00:00	17.70	18.75	17.68	18.14	6498693
2022-03-13 00:00	18.14	18.40	17.13	17.22	4819009
2022-03-14 00:00	17.22	17.86	17.00	17.70	4695799
2022-03-15 00:00	17.70	18.06	17.05	17.81	4077405
2022-03-16 00:00	17.81	19.19	17.69	19.05	8987526
2022-03-17 00:00	19.05	19.35	18.63	18.75	4722259
2022-03-18 00:00	18.75	19.20	18.13	18.95	4587821
2022-03-19 00:00	18.95	19.79	18.86	19.40	4955974
2022-03-20 00:00	19.40	19.46	18.32	18.65	3665918
2022-03-21 00:00	18.66	19.06	18.40	18.74	4134460
2022-03-22 00:00	18.75	20.48	18.68	20.21	8291487
2022-03-23 00:00	20.22	21.13	19.80	21.02	8219603
2022-03-24 00:00	21.02	21.50	20.25	21.26	7158380
2022-03-25 00:00	21.26	21.38	20.18	20.53	5860980
2022-03-26 00:00	20.54	21.04	20.24	20.91	3153138
2022-03-27 00:00	20.92	22.48	20.71	22.46	5215749
2022-03-28 00:00	22.47	23.33	21.78	21.99	9122534
2022-03-29 00:00	21.99	22.96	21.83	22.42	7739181
2022-03-30 00:00	22.43	23.00	21.62	22.45	7985912
2022-03-31 00:00	22.46	23.06	21.08	21.33	8750475
2022-04-01 00:00	21.33	22.17	20.60	22.07	7952767
2022-04-02 00:00	22.07	23.85	21.95	22.61	10723762
2022-04-03 00:00	22.61	23.57	22.51	23.21	7497971
2022-04-04 00:00	23.21	23.23	21.60	22.89	7444900
2022-04-05 00:00	22.90	23.12	21.68	21.78	6046688
2022-04-06 00:00	21.78	21.82	19.71	19.85	8285873
2022-04-07 00:00	19.84	20.65	19.45	20.40	5001658
2022-04-08 00:00	20.40	20.58	19.14	19.43	4641708
2022-04-09 00:00	19.43	19.83	19.29	19.75	2329137
2022-04-10 00:00	19.76	20.25	19.16	19.22	3716995
2022-04-11 00:00	19.23	19.29	17.00	17.20	7677294
2022-04-12 00:00	17.20	18.04	17.16	17.77	5075922
2022-04-13 00:00	17.77	18.30	17.37	18.20	3724188
2022-04-14 00:00	18.20	18.48	17.47	17.91	3580935
2022-04-15 00:00	17.91	18.43	17.78	18.34	2490073
2022-04-16 00:00	18.35	18.70	18.17	18.61	2341093
2022-04-17 00:00	18.61	18.81	17.65	17.74	2797213
2022-04-18 00:00	17.74	18.36	17.10	18.15	4831770
2022-04-19 00:00	18.16	18.96	18.04	18.88	3243203
2022-04-20 00:00	18.89	19.54	18.54	19.09	5374130
2022-04-21 00:00	19.10	19.68	18.03	18.18	4575334
2022-04-22 00:00	18.17	18.53	18.07	18.28	3635450
2022-04-23 00:00	18.28	19.27	17.96	18.69	3583917
2022-04-24 00:00	18.69	19.16	18.07	18.17	3028150
2022-04-25 00:00	18.17	18.25	17.12	18.10	5316794
2022-04-26 00:00	18.11	18.34	16.40	16.68	5793326
2022-04-27 00:00	16.68	17.27	16.48	16.94	3782015
2022-04-28 00:00	16.94	17.43	16.75	16.99	4260935
2022-04-29 00:00	16.99	17.07	15.99	16.19	4037106
2022-04-30 00:00	16.19	16.45	14.18	14.50	6047752
2022-05-01 00:00	14.50	15.53	14.48	15.36	5067368
2022-05-02 00:00	15.36	15.60	14.56	14.96	5385889
2022-05-03 00:00	14.97	15.23	14.52	14.72	3404923
2022-05-04 00:00	14.73	16.35	14.66	16.34	6244166
2022-05-05 00:00	16.34	16.45	14.02	14.58	9117280
2022-05-06 00:00	14.58	14.67	13.81	14.32	6781778
2022-05-07 00:00	14.33	14.38	13.36	13.75	4306541
2022-05-08 00:00	13.75	13.88	13.03	13.25	7020090
2022-05-09 00:00	13.26	13.49	10.51	10.62	19396535
2022-05-10 00:00	10.63	12.44	10.31	11.36	18907464
2022-05-11 00:00	11.35	11.66	8.06	9.09	31995781
2022-05-12 00:00	9.07	9.52	7.30	8.71	25730062
2022-05-13 00:00	8.70	11.79	8.56	10.46	25891194
2022-05-14 00:00	10.45	11.56	9.76	11.30	15903416
2022-05-15 00:00	11.31	11.87	10.57	11.81	11083411
2022-05-16 00:00	11.81	11.81	10.37	10.63	10051905
2022-05-17 00:00	10.62	11.34	10.43	11.04	8642154
2022-05-18 00:00	11.03	11.17	9.43	9.49	10809791
2022-05-19 00:00	9.49	10.41	9.22	10.03	10352955
2022-05-20 00:00	10.04	10.26	9.45	9.67	8304989
2022-05-21 00:00	9.67	10.10	9.46	10.00	4107062
2022-05-22 00:00	10.00	10.34	9.87	10.16	4486077
2022-05-23 00:00	10.16	10.80	9.80	9.88	9534756
2022-05-24 00:00	9.88	10.27	9.56	10.19	6934054
2022-05-25 00:00	10.19	10.34	9.77	9.87	6771403
2022-05-26 00:00	9.87	10.00	8.82	9.14	13611161
2022-05-27 00:00	9.14	10.00	8.56	9.12	15632407
2022-05-28 00:00	9.12	9.80	8.95	9.65	5956383
2022-05-29 00:00	9.66	10.04	9.33	9.98	5866017
2022-05-30 00:00	9.99	10.79	9.91	10.47	8474079
2022-05-31 00:00	10.47	10.65	9.94	10.35	8793255
2022-06-01 00:00	10.36	10.75	9.26	9.46	10158262
2022-06-02 00:00	9.45	10.13	9.29	9.89	5917875
2022-06-03 00:00	9.88	9.93	9.20	9.37	5185940
2022-06-04 00:00	9.38	9.56	9.14	9.44	2765666
2022-06-05 00:00	9.45	9.56	9.25	9.35	2388195
2022-06-06 00:00	9.35	9.94	9.32	9.51	5017138
2022-06-07 00:00	9.51	9.51	8.84	9.23	5096775
2022-06-08 00:00	9.22	9.40	8.90	9.01	3813092
2022-06-09 00:00	9.01	9.47	8.91	9.24	4880077
2022-06-10 00:00	9.23	9.37	8.52	8.65	6448170
2022-06-11 00:00	8.66	8.85	7.90	8.03	6780022
2022-06-12 00:00	8.04	8.11	7.38	7.41	9341518
2022-06-13 00:00	7.40	7.48	6.36	7.04	18667362
2022-06-14 00:00	7.04	7.56	6.68	7.36	14217935
2022-06-15 00:00	7.36	8.79	6.84	8.49	18684431
2022-06-16 00:00	8.50	8.56	6.97	7.13	11913986
2022-06-17 00:00	7.13	7.47	7.03	7.28	6188422
2022-06-18 00:00	7.28	7.41	6.47	7.05	10421012
2022-06-19 00:00	7.06	7.65	6.76	7.53	7341947
2022-06-20 00:00	7.53	8.02	7.17	7.87	8079923
2022-06-21 00:00	7.88	8.28	7.67	7.77	6447966
2022-06-22 00:00	7.76	7.82	7.35	7.39	5250158
2022-06-23 00:00	7.40	7.82	7.36	7.78	4767446
2022-06-24 00:00	7.78	8.34	7.72	8.18	5535485
2022-06-25 00:00	8.19	8.37	7.79	8.13	3861731
2022-06-26 00:00	8.14	8.49	7.81	7.84	4773088
2022-06-27 00:00	7.84	8.20	7.68	7.74	4690141
2022-06-28 00:00	7.74	8.00	7.26	7.31	6105667
2022-06-29 00:00	7.31	7.44	6.95	7.03	6973572
2022-06-30 00:00	7.04	7.10	6.64	7.06	6918184
2022-07-01 00:00	7.06	7.26	6.54	6.75	7478602
2022-07-02 00:00	6.75	6.91	6.62	6.83	3128101
2022-07-03 00:00	6.83	6.99	6.61	6.85	3093459
2022-07-04 00:00	6.86	7.21	6.66	7.17	4884145
2022-07-05 00:00	7.17	7.23	6.60	6.84	8212466
2022-07-06 00:00	6.84	7.01	6.69	6.93	5793541
2022-07-07 00:00	6.92	7.36	6.88	7.30	6148550
2022-07-08 00:00	7.30	7.46	6.94	7.04	6836084
2022-07-09 00:00	7.04	7.36	7.03	7.25	3537741
2022-07-10 00:00	7.25	7.27	6.76	6.86	4503860
2022-07-11 00:00	6.85	6.91	6.50	6.53	4987065
2022-07-12 00:00	6.53	6.63	6.26	6.28	4788409
2022-07-13 00:00	6.29	6.55	6.00	6.47	6999817
2022-07-14 00:00	6.47	6.77	6.29	6.72	5684037
2022-07-15 00:00	6.73	6.99	6.65	6.79	6331992
2022-07-16 00:00	6.79	7.22	6.56	7.20	6480300
2022-07-17 00:00	7.20	7.33	6.88	6.92	5173437
2022-07-18 00:00	6.91	7.73	6.90	7.66	12597117
2022-07-19 00:00	7.65	8.03	7.49	7.79	14586764
2022-07-20 00:00	7.79	8.08	7.35	7.47	12267040
2022-07-21 00:00	7.47	7.60	7.18	7.53	6318543
2022-07-22 00:00	7.53	7.85	7.26	7.29	7248877
2022-07-23 00:00	7.30	7.49	7.08	7.33	4515301
2022-07-24 00:00	7.32	7.58	7.31	7.40	4843071
2022-07-25 00:00	7.40	7.44	6.74	6.76	7317556
2022-07-26 00:00	6.76	6.79	6.52	6.78	6508473
2022-07-27 00:00	6.78	7.71	6.65	7.68	8440613
2022-07-28 00:00	7.69	8.07	7.46	7.86	12081830
2022-07-29 00:00	7.86	8.43	7.76	8.19	11715809
2022-07-30 00:00	8.18	8.85	8.15	8.21	10971550
2022-07-31 00:00	8.22	9.21	8.08	8.62	12552004
2022-08-01 00:00	8.63	8.99	8.03	8.17	9844306
2022-08-02 00:00	8.18	8.28	7.68	7.93	10098315
2022-08-03 00:00	7.93	8.45	7.68	8.00	7508905
2022-08-04 00:00	8.00	8.28	7.88	8.10	5416983
2022-08-05 00:00	8.10	8.84	8.07	8.80	8360939
2022-08-06 00:00	8.81	8.88	8.48	8.52	5613008
2022-08-07 00:00	8.52	8.93	8.34	8.65	4828581
2022-08-08 00:00	8.65	9.39	8.63	9.27	10474597
2022-08-09 00:00	9.27	9.47	8.64	8.89	9793332
2022-08-10 00:00	8.89	9.65	8.54	9.52	12143951
2022-08-11 00:00	9.53	9.65	9.13	9.20	8899755
2022-08-12 00:00	9.19	9.50	9.03	9.48	6113713
2022-08-13 00:00	9.48	9.68	9.25	9.31	4978743
2022-08-14 00:00	9.31	9.56	8.83	8.96	6245358
2022-08-15 00:00	8.95	9.39	8.62	8.78	7237332
2022-08-16 00:00	8.78	8.95	8.63	8.84	5192311
2022-08-17 00:00	8.84	9.17	8.32	8.37	6654327
2022-08-18 00:00	8.37	8.60	8.00	8.08	4519619
2022-08-19 00:00	8.08	8.10	7.22	7.31	7863686
2022-08-20 00:00	7.30	7.52	7.03	7.22	4732298
2022-08-21 00:00	7.23	7.53	7.16	7.44	3048442
2022-08-22 00:00	7.43	7.45	7.00	7.41	4284687
2022-08-23 00:00	7.40	7.72	7.18	7.64	4832470
2022-08-24 00:00	7.64	7.78	7.41	7.56	3721053
2022-08-25 00:00	7.56	7.76	7.46	7.58	2940117
2022-08-26 00:00	7.58	7.68	6.86	6.93	6010056
2022-08-27 00:00	6.93	7.12	6.80	7.04	4335624
2022-08-28 00:00	7.05	7.15	6.81	6.86	2871330
2022-08-29 00:00	6.86	7.31	6.79	7.27	4882670
2022-08-30 00:00	7.27	7.38	6.88	7.00	5028833
2022-08-31 00:00	7.01	7.29	6.98	7.03	4315134
2022-09-01 00:00	7.03	7.20	6.86	7.18	4555184
2022-09-02 00:00	7.19	7.57	7.12	7.30	5871051
2022-09-03 00:00	7.30	7.31	7.17	7.28	2940286
2022-09-04 00:00	7.29	7.42	7.15	7.37	3799638
2022-09-05 00:00	7.38	7.64	7.26	7.36	5191706
2022-09-06 00:00	7.37	7.70	6.81	6.87	8014938
2022-09-07 00:00	6.88	7.30	6.75	7.20	5657725
2022-09-08 00:00	7.20	7.45	7.03	7.39	6134834
2022-09-09 00:00	7.39	7.94	7.36	7.75	9604692
2022-09-10 00:00	7.76	7.88	7.57	7.77	4855069
2022-09-11 00:00	7.77	7.90	7.54	7.70	4570359
2022-09-12 00:00	7.71	8.05	7.56	7.66	8936097
2022-09-13 00:00	7.67	7.96	7.03	7.06	9253040
2022-09-14 00:00	7.06	7.31	7.01	7.21	5915091
2022-09-15 00:00	7.20	7.24	6.87	6.93	7557631
2022-09-16 00:00	6.94	6.98	6.70	6.90	6059039
2022-09-17 00:00	6.91	7.16	6.90	7.06	3924709
2022-09-18 00:00	7.05	7.06	6.32	6.44	7888799
2022-09-19 00:00	6.45	6.56	6.10	6.39	9256575
2022-09-20 00:00	6.39	6.42	6.17	6.28	5497865
2022-09-21 00:00	6.28	6.58	5.97	6.12	9830333
2022-09-22 00:00	6.12	6.53	6.08	6.45	6063814
2022-09-23 00:00	6.45	6.64	6.19	6.44	9017156
2022-09-24 00:00	6.44	6.51	6.23	6.27	3956310
2022-09-25 00:00	6.27	6.38	6.08	6.20	3735613
2022-09-26 00:00	6.20	6.58	6.15	6.56	8554662
2022-09-27 00:00	6.55	6.80	6.24	6.37	7249886
2022-09-28 00:00	6.37	6.47	6.17	6.38	5453371
2022-09-29 00:00	6.39	6.49	6.26	6.43	5601074
2022-09-30 00:00	6.44	6.58	6.21	6.32	8082986
2022-10-01 00:00	6.33	6.34	6.21	6.27	3450852
2022-10-02 00:00	6.26	6.33	6.13	6.15	3802463
2022-10-03 00:00	6.16	6.41	6.09	6.37	4977827
2022-10-04 00:00	6.37	6.54	6.34	6.50	4073440
2022-10-05 00:00	6.50	6.51	6.27	6.44	4167385
2022-10-06 00:00	6.44	6.52	6.31	6.34	4215566
2022-10-07 00:00	6.34	6.40	6.25	6.33	2950081
2022-10-08 00:00	6.33	6.40	6.26	6.31	1422697
2022-10-09 00:00	6.31	6.50	6.28	6.48	2463138
2022-10-10 00:00	6.48	6.54	6.24	6.25	3765337
2022-10-11 00:00	6.25	6.26	6.13	6.17	3273595
2022-10-12 00:00	6.18	6.25	6.13	6.18	2394138
2022-10-13 00:00	6.18	6.18	5.68	6.11	7380766
2022-10-14 00:00	6.11	6.27	6.01	6.05	3864647
2022-10-15 00:00	6.05	6.10	6.02	6.05	1707467
2022-10-16 00:00	6.05	6.25	6.04	6.18	2486575
2022-10-17 00:00	6.19	6.29	6.12	6.26	3223992
2022-10-18 00:00	6.26	6.30	6.07	6.16	3869641
2022-10-19 00:00	6.16	6.26	6.06	6.10	4402130
2022-10-20 00:00	6.11	6.16	5.82	5.89	5074557
2022-10-21 00:00	5.88	5.90	5.73	5.84	6612904
2022-10-22 00:00	5.83	5.87	5.77	5.85	2972624
2022-10-23 00:00	5.85	5.98	5.75	5.97	2942860
2022-10-24 00:00	5.96	5.99	5.80	5.92	3823954
2022-10-25 00:00	5.91	6.63	5.89	6.43	9006916
2022-10-26 00:00	6.44	6.61	6.41	6.47	6443819
2022-10-27 00:00	6.47	6.65	6.28	6.34	6786668
2022-10-28 00:00	6.33	6.59	6.26	6.52	4912621
2022-10-29 00:00	6.51	6.78	6.49	6.63	6053694
2022-10-30 00:00	6.63	6.75	6.51	6.66	4311624
2022-10-31 00:00	6.65	6.84	6.57	6.62	7120760
2022-11-01 00:00	6.62	6.72	6.45	6.46	3711571
2022-11-02 00:00	6.45	6.53	6.16	6.25	6161237
2022-11-03 00:00	6.26	6.53	6.23	6.41	5455499
2022-11-04 00:00	6.42	7.10	6.38	7.05	9532520
2022-11-05 00:00	7.06	7.25	6.94	7.03	7379766
2022-11-06 00:00	7.03	7.15	6.79	6.81	5716739
2022-11-07 00:00	6.81	7.42	6.65	7.12	9474917
2022-11-08 00:00	7.12	7.20	5.86	6.30	17012318
2022-11-09 00:00	6.30	6.38	5.34	5.41	15523809
2022-11-10 00:00	5.42	6.18	5.32	5.97	12599163
2022-11-11 00:00	5.97	6.05	5.50	5.75	8907806
2022-11-12 00:00	5.75	5.88	5.56	5.77	3604286
2022-11-13 00:00	5.78	5.97	5.62	5.75	5069965
2022-11-14 00:00	5.75	5.90	5.44	5.86	5739070
2022-11-15 00:00	5.87	6.05	5.80	5.92	3302505
2022-11-16 00:00	5.92	6.00	5.61	5.71	3210146
2022-11-17 00:00	5.70	5.73	5.56	5.67	2822783
2022-11-18 00:00	5.68	5.78	5.60	5.65	2187812
2022-11-19 00:00	5.65	5.66	5.53	5.61	1603109
2022-11-20 00:00	5.61	5.66	5.25	5.30	3871715
2022-11-21 00:00	5.30	5.30	5.07	5.18	6524925
2022-11-22 00:00	5.19	5.32	5.00	5.28	5740762
2022-11-23 00:00	5.28	5.49	5.25	5.44	4175980
2022-11-24 00:00	5.43	5.53	5.33	5.39	3740118
2022-11-25 00:00	5.38	5.39	5.25	5.26	2770935
2022-11-26 00:00	5.27	5.46	5.24	5.30	2880264
2022-11-27 00:00	5.30	5.44	5.26	5.30	2263087
2022-11-28 00:00	5.31	5.32	5.06	5.13	5095341
2022-11-29 00:00	5.13	5.35	5.09	5.30	3880211
2022-11-30 00:00	5.30	5.51	5.30	5.48	1890958
2022-12-01 00:00	5.47	5.48	5.32	5.41	42179
2022-12-02 00:00	5.41	5.69	5.37	5.62	87992
2022-12-03 00:00	5.63	5.70	5.49	5.49	87555
2022-12-04 00:00	5.49	5.61	5.48	5.60	47109
2022-12-05 00:00	5.59	5.73	5.45	5.49	38061
2022-12-06 00:00	5.48	5.50	5.44	5.50	44869
2022-12-07 00:00	5.49	5.51	5.24	5.30	58321
2022-12-08 00:00	5.27	5.47	5.27	5.42	20236
2022-12-09 00:00	5.40	5.43	5.27	5.30	5062
2022-12-10 00:00	5.30	5.55	5.26	5.27	207525
2022-12-11 00:00	5.28	5.30	5.13	5.17	13000
2022-12-12 00:00	5.14	5.20	5.02	5.15	16583
2022-12-13 00:00	5.19	5.33	5.01	5.26	4456
2022-12-14 00:00	5.27	5.35	5.18	5.20	4291
2022-12-15 00:00	5.22	5.26	5.13	5.21	2830
2022-12-16 00:00	5.22	5.24	4.53	4.65	19290
2022-12-17 00:00	4.65	4.71	4.59	4.70	3165
2022-12-18 00:00	4.69	4.71	4.62	4.68	873
2022-12-19 00:00	4.66	4.71	4.42	4.48	3897
2022-12-20 00:00	4.49	4.63	4.48	4.62	7244
2022-12-21 00:00	4.62	4.62	4.44	4.46	2535
2022-12-22 00:00	4.47	4.53	4.38	4.53	4670
2022-12-23 00:00	4.51	4.54	4.46	4.48	7197
2022-12-24 00:00	4.48	4.49	4.43	4.46	6448
2022-12-25 00:00	4.45	4.49	4.40	4.49	1579
2022-12-26 00:00	4.48	4.56	4.46	4.56	2136
2022-12-27 00:00	4.58	4.58	4.46	4.47	3170
2022-12-28 00:00	4.48	4.48	4.25	4.29	8552
2022-12-29 00:00	4.28	4.35	4.24	4.30	9018
2022-12-30 00:00	4.32	4.34	4.23	4.33	4569
2022-12-31 00:00	4.33	4.39	4.30	4.30	3859
2023-01-01 00:00	4.30	4.39	4.27	4.38	1370
2023-01-02 00:00	4.35	4.53	4.35	4.51	4163
2023-01-03 00:00	4.49	4.53	4.47	4.52	3438
2023-01-04 00:00	4.53	4.68	4.53	4.59	4547
2023-01-05 00:00	4.63	4.64	4.55	4.63	3815
2023-01-06 00:00	4.64	4.70	4.55	4.70	4633
2023-01-07 00:00	4.68	4.70	4.63	4.67	1462
2023-01-08 00:00	4.66	4.82	4.60	4.82	3773
2023-01-09 00:00	4.80	5.07	4.80	4.88	10961
2023-01-10 00:00	4.90	4.96	4.84	4.92	4431
2023-01-11 00:00	4.93	5.12	4.84	5.10	7565
2023-01-12 00:00	5.14	5.26	5.02	5.22	7899
2023-01-13 00:00	5.23	5.42	5.17	5.39	5794
2023-01-14 00:00	5.41	6.50	5.39	6.02	69374
2023-01-15 00:00	6.01	6.05	5.78	5.93	9707
2023-01-16 00:00	5.98	6.08	5.62	5.81	15261
2023-01-17 00:00	5.78	6.20	5.70	5.98	14463
2023-01-18 00:00	5.97	6.21	5.61	5.66	36406
2023-01-19 00:00	5.67	5.84	5.66	5.80	3892
2023-01-20 00:00	5.82	6.29	5.77	6.26	10149
2023-01-21 00:00	6.26	6.45	6.06	6.25	23664
2023-01-22 00:00	6.25	6.45	6.09	6.20	12231
2023-01-23 00:00	6.24	6.81	6.20	6.56	30665
2023-01-24 00:00	6.56	6.70	6.14	6.19	18433
2023-01-25 00:00	6.19	6.55	6.03	6.42	19965
2023-01-26 00:00	6.42	6.56	6.32	6.48	13762
2023-01-27 00:00	6.47	6.72	6.31	6.57	35246
2023-01-28 00:00	6.58	6.67	6.33	6.39	5744
2023-01-29 00:00	6.35	6.70	6.35	6.62	6768
2023-01-30 00:00	6.60	6.64	6.08	6.20	11671
2023-01-31 00:00	6.18	6.31	6.16	6.25	4737
2023-02-01 00:00	6.24	6.49	6.04	6.47	11762
2023-02-02 00:00	6.48	6.91	6.45	6.53	27905
2023-02-03 00:00	6.57	7.12	6.52	7.03	37730
2023-02-04 00:00	7.00	7.07	6.83	6.89	7166
2023-02-05 00:00	6.87	6.89	6.52	6.65	14894
2023-02-06 00:00	6.65	6.78	6.43	6.51	4530
2023-02-07 00:00	6.52	6.95	6.51	6.94	10752
2023-02-08 00:00	6.95	7.01	6.63	6.74	11872
2023-02-09 00:00	6.77	6.98	6.13	6.22	37839
2023-02-10 00:00	6.23	6.30	6.12	6.18	8856
2023-02-11 00:00	6.17	6.29	6.17	6.29	2993
2023-02-12 00:00	6.29	6.37	6.08	6.15	5995
2023-02-13 00:00	6.19	6.24	5.91	6.14	9603
2023-02-14 00:00	6.14	6.25	6.02	6.24	9993
2023-02-15 00:00	6.18	6.61	6.17	6.61	20536
2023-02-16 00:00	6.62	6.74	6.33	6.33	39976
2023-02-17 00:00	6.32	7.41	6.30	7.27	51932
2023-02-18 00:00	7.29	7.36	7.11	7.25	11308
2023-02-19 00:00	7.24	7.88	7.20	7.41	31683
2023-02-20 00:00	7.46	7.56	7.26	7.52	7786
2023-02-21 00:00	7.55	7.57	7.12	7.24	9390
2023-02-22 00:00	7.26	7.26	6.89	7.19	11265
2023-02-23 00:00	7.19	7.37	7.03	7.08	6093
2023-02-24 00:00	7.10	7.12	6.48	6.60	11265
2023-02-25 00:00	6.62	6.64	6.35	6.54	3754
2023-02-26 00:00	6.54	6.72	6.50	6.68	2754
2023-02-27 00:00	6.68	6.77	6.50	6.60	5492
2023-02-28 00:00	6.56	6.60	6.28	6.36	11380
2023-03-01 00:00	6.36	6.60	6.32	6.52	4613
2023-03-02 00:00	6.55	6.55	6.23	6.33	3352
2023-03-03 00:00	6.32	6.33	5.79	6.04	21289
2023-03-04 00:00	6.03	6.05	5.74	5.91	6224
2023-03-05 00:00	5.92	6.06	5.89	5.98	9235
2023-03-06 00:00	5.97	6.03	5.86	5.93	5750
2023-03-07 00:00	5.92	6.01	5.74	5.85	15296
2023-03-08 00:00	5.86	5.94	5.50	5.61	11958
2023-03-09 00:00	5.60	5.80	5.26	5.35	24083
2023-03-10 00:00	5.34	5.58	5.15	5.54	23623
2023-03-11 00:00	5.55	5.67	5.23	5.47	11337
2023-03-12 00:00	5.45	5.91	5.36	5.88	11449
2023-03-13 00:00	5.89	6.14	5.71	6.09	30582
2023-03-14 00:00	6.10	6.53	5.99	6.22	55233
2023-03-15 00:00	6.24	6.37	5.80	5.87	19862
2023-03-16 00:00	5.89	6.14	5.77	6.10	8381
2023-03-17 00:00	6.07	6.62	6.03	6.61	18460
2023-03-18 00:00	6.63	6.69	6.29	6.29	11723
2023-03-19 00:00	6.33	6.60	6.29	6.43	6152
2023-03-20 00:00	6.46	6.47	6.05	6.09	7341
2023-03-21 00:00	6.09	6.46	6.01	6.38	10822
2023-03-22 00:00	6.32	6.38	5.92	6.06	7760
2023-03-23 00:00	6.04	6.42	6.00	6.32	7558
2023-03-24 00:00	6.32	6.33	5.95	6.03	9159
2023-03-25 00:00	6.05	6.08	5.84	5.90	3146
2023-03-26 00:00	5.89	6.10	5.89	6.06	2529
2023-03-27 00:00	6.04	6.11	5.75	5.87	8778
2023-03-28 00:00	5.85	6.11	5.79	6.07	4260
2023-03-29 00:00	6.09	6.28	6.05	6.19	10799
2023-03-30 00:00	6.18	6.29	6.03	6.12	6207
2023-03-31 00:00	6.13	6.38	6.12	6.34	9339
2023-04-01 00:00	6.35	6.39	6.20	6.34	14191
2023-04-02 00:00	6.36	6.44	6.18	6.27	6344
2023-04-03 00:00	6.26	6.50	6.10	6.43	13072
2023-04-04 00:00	6.43	6.53	6.36	6.44	5073
2023-04-05 00:00	6.41	6.58	6.33	6.40	6539
2023-04-06 00:00	6.35	6.41	6.26	6.27	2810
2023-04-07 00:00	6.28	6.32	6.14	6.16	6500
2023-04-08 00:00	6.16	6.23	6.09	6.13	3451
2023-04-09 00:00	6.14	6.24	6.10	6.22	1651
2023-04-10 00:00	6.20	6.31	6.12	6.29	3688
2023-04-11 00:00	6.29	6.49	6.27	6.43	10636
2023-04-12 00:00	6.45	6.46	6.22	6.40	14780
2023-04-13 00:00	6.40	6.64	6.35	6.64	8425
2023-04-14 00:00	6.65	6.84	6.54	6.72	18771
2023-04-15 00:00	6.70	6.87	6.64	6.80	11721
2023-04-16 00:00	6.80	6.87	6.69	6.81	6744
2023-04-17 00:00	6.83	6.83	6.64	6.70	15827
2023-04-18 00:00	6.71	6.98	6.59	6.92	11319
2023-04-19 00:00	6.91	6.92	6.25	6.32	14984
2023-04-20 00:00	6.31	6.43	6.07	6.11	12400
2023-04-21 00:00	6.14	6.16	5.78	5.85	16278
2023-04-22 00:00	5.86	5.97	5.83	5.95	4049
2023-04-23 00:00	5.94	5.97	5.78	5.91	4974
2023-04-24 00:00	5.91	6.01	5.81	5.88	4339
2023-04-25 00:00	5.88	6.01	5.79	6.01	2455
2023-04-26 00:00	5.99	6.22	5.60	5.85	20157
2023-04-27 00:00	5.84	6.04	5.83	5.97	5673
2023-04-28 00:00	5.98	5.98	5.79	5.95	6366
2023-04-29 00:00	5.94	6.05	5.92	6.03	3003
2023-04-30 00:00	6.00	6.08	5.86	5.88	8349
2023-05-01 00:00	5.90	5.91	5.59	5.67	5754
2023-05-02 00:00	5.64	5.76	5.63	5.71	5455
2023-05-03 00:00	5.71	5.80	5.57	5.78	7444
2023-05-04 00:00	5.76	5.80	5.62	5.64	5137
2023-05-05 00:00	5.67	5.90	5.64	5.84	10952
2023-05-06 00:00	5.88	5.89	5.59	5.63	10502
2023-05-07 00:00	5.64	5.70	5.60	5.61	2104
2023-05-08 00:00	5.61	5.64	5.18	5.38	19225
2023-05-09 00:00	5.38	5.41	5.29	5.32	5062
2023-05-10 00:00	5.32	5.52	5.21	5.46	12295
2023-05-11 00:00	5.45	5.46	5.18	5.28	2036
2023-05-12 00:00	5.27	5.35	5.12	5.35	6621
2023-05-13 00:00	5.33	5.39	5.32	5.35	3038
2023-05-14 00:00	5.36	5.44	5.31	5.36	2496
2023-05-15 00:00	5.35	5.42	5.28	5.31	2194
2023-05-16 00:00	5.31	5.33	5.24	5.30	2117
2023-05-17 00:00	5.32	5.43	5.23	5.41	4341
2023-05-18 00:00	5.40	5.47	5.26	5.35	9169
2023-05-19 00:00	5.34	5.39	5.31	5.38	1528
2023-05-20 00:00	5.37	5.44	5.34	5.42	3554
2023-05-21 00:00	5.42	5.42	5.26	5.27	2993
2023-05-22 00:00	5.29	5.34	5.23	5.31	3119
2023-05-23 00:00	5.31	5.45	5.31	5.40	5799
2023-05-24 00:00	5.39	5.40	5.20	5.26	3672
2023-05-25 00:00	5.24	5.29	5.16	5.24	2626
2023-05-26 00:00	5.24	5.27	5.19	5.25	2870
2023-05-27 00:00	5.24	5.37	5.24	5.33	2556
2023-05-28 00:00	5.32	5.56	5.32	5.50	2158
2023-05-29 00:00	5.50	5.54	5.42	5.47	3703
2023-05-30 00:00	5.46	5.52	5.42	5.44	1738
2023-05-31 00:00	5.44	5.45	5.28	5.31	3654
2023-06-01 00:00	5.31	5.33	5.20	5.20	2260
2023-06-02 00:00	5.21	5.32	5.17	5.28	11264
2023-06-03 00:00	5.26	5.34	5.24	5.34	2692
2023-06-04 00:00	5.34	5.38	5.31	5.31	5803
2023-06-05 00:00	5.31	5.32	4.90	5.08	29799
2023-06-06 00:00	5.07	5.27	4.99	5.19	7127
2023-06-07 00:00	5.18	5.22	4.91	4.94	23026
2023-06-08 00:00	4.98	5.05	4.94	5.00	8678
2023-06-09 00:00	5.01	5.07	4.91	4.95	24071
2023-06-10 00:00	4.97	4.98	4.23	4.53	23196
2023-06-11 00:00	4.52	4.55	4.43	4.51	6849
2023-06-12 00:00	4.52	4.55	4.43	4.53	6582
2023-06-13 00:00	4.54	4.70	4.50	4.61	8667
2023-06-14 00:00	4.61	4.80	4.55	4.57	10856
2023-06-15 00:00	4.59	4.62	4.29	4.39	4091
2023-06-16 00:00	4.36	4.46	4.29	4.41	5710
2023-06-17 00:00	4.41	4.56	4.40	4.53	1840
2023-06-18 00:00	4.53	4.66	4.49	4.53	2427
2023-06-19 00:00	4.54	4.59	4.45	4.53	1072
2023-06-20 00:00	4.51	4.68	4.38	4.66	4854
2023-06-21 00:00	4.66	4.85	4.65	4.84	9800
2023-06-22 00:00	4.86	4.97	4.75	4.83	10374
2023-06-23 00:00	4.82	5.13	4.82	5.10	7983
2023-06-24 00:00	5.09	5.14	4.92	4.97	3586
2023-06-25 00:00	5.02	5.24	4.97	5.17	3073
2023-06-26 00:00	5.21	5.23	5.01	5.02	3075
2023-06-27 00:00	5.04	5.14	5.00	5.10	2961
2023-06-28 00:00	5.09	5.10	4.76	4.87	9510
2023-06-29 00:00	4.89	5.23	4.87	4.99	12132
2023-06-30 00:00	4.97	5.20	4.87	5.16	8724
2023-07-01 00:00	5.17	5.37	5.12	5.34	6358
2023-07-02 00:00	5.33	5.57	5.23	5.51	8854
2023-07-03 00:00	5.51	5.63	5.39	5.41	6078
2023-07-04 00:00	5.41	5.51	5.26	5.35	9906
2023-07-05 00:00	5.33	5.38	5.12	5.20	9985
2023-07-06 00:00	5.20	5.35	5.02	5.02	11835
2023-07-07 00:00	5.01	5.18	4.97	5.10	13418
2023-07-08 00:00	5.10	5.19	5.06	5.12	10203
2023-07-09 00:00	5.12	5.15	5.06	5.09	9492
2023-07-10 00:00	5.06	5.86	4.99	5.13	23990
2023-07-11 00:00	5.15	5.21	5.10	5.21	11758
2023-07-12 00:00	5.21	5.31	5.11	5.15	10584
2023-07-13 00:00	5.15	5.54	5.10	5.51	14880
2023-07-14 00:00	5.51	5.68	5.32	5.44	26871
2023-07-15 00:00	5.45	5.56	5.39	5.43	10797
2023-07-16 00:00	5.42	5.43	5.26	5.31	4948
2023-07-17 00:00	5.31	5.41	5.18	5.28	5990
2023-07-18 00:00	5.30	5.38	5.10	5.19	10763
2023-07-19 00:00	5.16	5.25	5.13	5.19	9102
2023-07-20 00:00	5.20	5.48	5.19	5.34	10328
2023-07-21 00:00	5.36	5.70	5.34	5.48	25562
2023-07-22 00:00	5.51	5.51	5.27	5.30	3888
2023-07-23 00:00	5.28	5.49	5.27	5.40	23842
2023-07-24 00:00	5.39	5.41	5.11	5.22	4355
2023-07-25 00:00	5.22	5.24	5.13	5.18	1972
2023-07-26 00:00	5.17	5.29	5.12	5.22	3082
2023-07-27 00:00	5.24	5.33	5.19	5.24	3108
2023-07-28 00:00	5.23	5.27	5.16	5.21	2444
2023-07-29 00:00	5.22	5.26	5.21	5.25	1608
2023-07-30 00:00	5.24	5.27	5.11	5.19	2085
2023-07-31 00:00	5.17	5.25	5.06	5.10	4640
2023-08-01 00:00	5.11	5.20	4.98	5.20	5783
2023-08-02 00:00	5.20	5.21	5.03	5.06	4269
2023-08-03 00:00	5.05	5.08	4.95	4.98	4322
2023-08-04 00:00	4.98	5.05	4.94	4.99	3119
2023-08-05 00:00	4.97	4.99	4.93	4.96	2140
2023-08-06 00:00	4.97	5.03	4.95	5.01	2585
2023-08-07 00:00	5.01	5.05	4.84	4.96	5991
2023-08-08 00:00	4.97	5.09	4.94	5.06	5439
2023-08-09 00:00	5.06	5.11	5.01	5.06	3575
2023-08-10 00:00	5.06	5.06	4.98	5.00	967
2023-08-11 00:00	5.01	5.01	4.96	5.01	1669
2023-08-12 00:00	5.01	5.04	5.00	5.04	5181
2023-08-13 00:00	5.04	5.04	4.97	4.98	1135
2023-08-14 00:00	4.98	5.05	4.95	4.99	1435
2023-08-15 00:00	4.99	5.00	4.63	4.82	13678
2023-08-16 00:00	4.82	4.84	4.54	4.67	3726
2023-08-17 00:00	4.66	4.81	4.34	4.45	9550
2023-08-18 00:00	4.43	4.55	4.36	4.51	6486
2023-08-19 00:00	4.51	4.55	4.46	4.52	2613
2023-08-20 00:00	4.52	4.53	4.47	4.51	965
2023-08-21 00:00	4.51	4.53	4.36	4.44	2291
2023-08-22 00:00	4.43	4.45	4.26	4.42	2838
2023-08-23 00:00	4.43	4.53	4.38	4.49	4105
2023-08-24 00:00	4.50	4.52	4.37	4.41	1257
2023-08-25 00:00	4.42	4.49	4.36	4.49	1004
2023-08-26 00:00	4.49	4.51	4.48	4.51	773
2023-08-27 00:00	4.51	4.53	4.46	4.49	687
2023-08-28 00:00	4.49	4.62	4.43	4.60	3413
2023-08-29 00:00	4.61	4.80	4.54	4.67	6184
2023-08-30 00:00	4.68	4.68	4.52	4.53	4908
2023-08-31 00:00	4.53	4.53	4.24	4.28	4334
2023-09-01 00:00	4.27	4.29	4.14	4.20	2790
2023-09-02 00:00	4.21	4.27	4.20	4.27	1646
2023-09-03 00:00	4.26	4.29	4.23	4.26	2868
2023-09-04 00:00	4.26	4.31	4.21	4.26	3423
2023-09-05 00:00	4.26	4.30	4.21	4.26	684
2023-09-06 00:00	4.26	4.28	4.19	4.26	2671
2023-09-07 00:00	4.27	4.31	4.24	4.29	1947
2023-09-08 00:00	4.30	4.33	4.22	4.25	2709
2023-09-09 00:00	4.25	4.28	4.24	4.24	1236
2023-09-10 00:00	4.23	4.24	4.11	4.15	2805
2023-09-11 00:00	4.14	4.16	3.91	3.99	8435
2023-09-12 00:00	3.98	4.08	3.96	4.00	2050
2023-09-13 00:00	4.01	4.08	3.95	4.00	3775
2023-09-14 00:00	4.00	4.09	3.98	4.06	3443
2023-09-15 00:00	4.06	4.17	4.05	4.15	2854
2023-09-16 00:00	4.14	4.22	4.14	4.18	4207
2023-09-17 00:00	4.18	4.18	4.06	4.06	782
2023-09-18 00:00	4.05	4.21	4.02	4.11	2814
2023-09-19 00:00	4.10	4.16	4.09	4.15	1320
2023-09-20 00:00	4.15	4.17	4.08	4.13	1977
2023-09-21 00:00	4.14	4.16	4.00	4.01	5858
2023-09-22 00:00	4.00	4.03	3.99	4.02	1907
2023-09-23 00:00	4.02	4.04	4.00	4.03	1568
2023-09-24 00:00	4.02	4.06	3.98	3.99	1376
2023-09-25 00:00	3.99	4.09	3.96	4.06	2231
2023-09-26 00:00	4.07	4.08	3.99	4.01	983
2023-09-27 00:00	4.01	4.07	3.97	4.00	982
2023-09-28 00:00	4.00	4.10	3.98	4.08	2196
2023-09-29 00:00	4.07	4.11	4.06	4.08	2647
2023-09-30 00:00	4.08	4.11	4.08	4.11	2539
2023-10-01 00:00	4.10	4.28	4.10	4.26	4820
2023-10-02 00:00	4.25	4.30	4.07	4.12	5467
2023-10-03 00:00	4.12	4.16	4.06	4.08	1890
2023-10-04 00:00	4.08	4.08	3.99	4.04	4409
2023-10-05 00:00	4.05	4.08	4.00	4.02	3120
2023-10-06 00:00	4.03	4.09	4.00	4.07	3584
2023-10-07 00:00	4.06	4.11	4.05	4.05	2749
2023-10-08 00:00	4.05	4.06	4.01	4.01	2289
2023-10-09 00:00	4.02	4.07	3.78	3.88	21574
2023-10-10 00:00	3.88	3.89	3.78	3.81	2947
2023-10-11 00:00	3.81	3.81	3.70	3.74	6779
2023-10-12 00:00	3.72	3.74	3.64	3.67	1815
2023-10-13 00:00	3.68	3.77	3.67	3.72	3521
2023-10-14 00:00	3.73	3.76	3.72	3.74	484
2023-10-15 00:00	3.73	3.77	3.71	3.75	535
2023-10-16 00:00	3.75	3.90	3.74	3.79	7558
2023-10-17 00:00	3.77	3.79	3.66	3.68	2813
2023-10-18 00:00	3.67	3.72	3.63	3.66	1747
2023-10-19 00:00	3.65	3.66	3.58	3.64	2280
2023-10-20 00:00	3.65	3.79	3.64	3.73	7074
2023-10-21 00:00	3.73	3.97	3.71	3.90	28248
2023-10-22 00:00	3.91	3.97	3.81	3.97	8641
2023-10-23 00:00	3.98	4.36	3.93	4.36	22617
2023-10-24 00:00	4.37	4.42	4.11	4.18	11714
2023-10-25 00:00	4.18	4.35	4.15	4.28	5673
2023-10-26 00:00	4.30	4.45	4.15	4.23	8033
2023-10-27 00:00	4.22	4.23	4.06	4.14	3205
2023-10-28 00:00	4.14	4.22	4.12	4.18	7181
2023-10-29 00:00	4.18	4.35	4.15	4.32	7302
2023-10-30 00:00	4.31	4.53	4.24	4.52	6146
2023-10-31 00:00	4.53	4.60	4.32	4.44	11075
2023-11-01 00:00	4.45	4.80	4.33	4.74	10713
2023-11-02 00:00	4.73	4.81	4.50	4.64	21545
2023-11-03 00:00	4.60	4.64	4.45	4.62	27228
2023-11-04 00:00	4.60	4.77	4.59	4.68	10989
2023-11-05 00:00	4.68	4.90	4.66	4.77	15932
2023-11-06 00:00	4.77	4.99	4.69	4.97	28226
2023-11-07 00:00	4.95	5.00	4.72	4.92	33951
2023-11-08 00:00	4.91	5.08	4.87	5.06	24409
2023-11-09 00:00	5.02	5.25	4.77	5.09	46066
2023-11-10 00:00	5.10	5.31	4.98	5.30	32130
2023-11-11 00:00	5.30	5.65	5.09	5.55	30725
2023-11-12 00:00	5.58	5.85	5.36	5.72	33334
2023-11-13 00:00	5.70	5.88	5.34	5.35	32584
2023-11-14 00:00	5.34	5.52	5.03	5.25	13349
2023-11-15 00:00	5.23	5.62	5.19	5.55	30548
2023-11-16 00:00	5.56	5.77	5.28	5.36	31492
2023-11-17 00:00	5.35	5.48	5.06	5.23	9441
2023-11-18 00:00	5.22	5.29	5.00	5.29	9466
2023-11-19 00:00	5.24	5.48	5.19	5.45	11223
2023-11-20 00:00	5.44	5.56	5.26	5.30	20854
2023-11-21 00:00	5.29	5.32	4.83	4.88	5337
2023-11-22 00:00	4.88	5.28	4.88	5.16	10405
2023-11-23 00:00	5.18	5.22	5.09	5.13	3930
2023-11-24 00:00	5.12	5.29	5.12	5.22	4169
2023-11-25 00:00	5.25	5.39	5.22	5.32	6788
2023-11-26 00:00	5.33	5.42	5.15	5.32	4522
2023-11-27 00:00	5.32	5.37	5.04	5.17	8894
2023-11-28 00:00	5.16	5.31	5.11	5.26	2583
2023-11-29 00:00	5.29	5.39	5.16	5.17	4887
2023-11-30 00:00	5.16	5.57	5.13	5.45	19661
2023-12-01 00:00	5.47	5.52	5.37	5.48	5320
2023-12-02 00:00	5.47	5.60	5.46	5.58	6072
2023-12-03 00:00	5.55	5.62	5.43	5.56	7685
2023-12-04 00:00	5.55	5.72	5.45	5.63	9060
2023-12-05 00:00	5.64	5.94	5.52	5.89	16130
2023-12-06 00:00	5.88	6.20	5.78	6.03	20187
2023-12-07 00:00	6.06	6.30	5.91	6.22	12362
2023-12-08 00:00	6.26	6.91	6.17	6.84	27101
2023-12-09 00:00	6.84	7.68	6.83	7.14	29886
2023-12-10 00:00	7.14	7.34	6.96	7.33	11688
2023-12-11 00:00	7.35	7.36	6.40	6.70	18319
2023-12-12 00:00	6.71	7.34	6.70	7.13	26759
2023-12-13 00:00	7.14	7.64	6.63	7.61	20412
2023-12-14 00:00	7.57	7.77	7.07	7.51	43944
2023-12-15 00:00	7.50	7.56	6.94	6.95	14298
2023-12-16 00:00	6.98	7.34	6.87	7.07	10366
2023-12-17 00:00	7.11	7.15	6.76	6.79	6883
2023-12-18 00:00	6.79	6.88	6.39	6.88	10275
2023-12-19 00:00	6.89	7.03	6.62	6.71	5686
2023-12-20 00:00	6.75	7.14	6.62	6.95	8733
2023-12-21 00:00	6.96	8.43	6.95	8.40	47997
2023-12-22 00:00	8.43	8.58	7.87	7.97	23702
2023-12-23 00:00	7.94	8.44	7.58	8.33	29135
2023-12-24 00:00	8.41	9.20	8.33	8.63	50457
2023-12-25 00:00	8.69	9.40	8.51	9.20	18089
2023-12-26 00:00	9.25	9.59	8.41	8.83	23563
2023-12-27 00:00	8.81	9.01	8.41	8.70	10621
2023-12-28 00:00	8.68	8.91	8.28	8.45	20325
2023-12-29 00:00	8.50	8.68	8.07	8.28	25431
2023-12-30 00:00	8.30	8.49	8.11	8.37	2210
2023-12-31 00:00	8.35	8.64	8.05	8.20	22029
2024-01-01 00:00	8.20	8.62	8.07	8.58	6649
2024-01-02 00:00	8.59	8.80	8.33	8.38	16768
2024-01-03 00:00	8.40	8.58	7.04	7.64	20572
2024-01-04 00:00	7.66	8.08	7.48	7.88	10608
2024-01-05 00:00	7.86	7.95	7.19	7.44	5117
2024-01-06 00:00	7.41	7.44	6.84	7.14	11623
2024-01-07 00:00	7.12	7.32	6.83	6.89	6995
2024-01-08 00:00	6.90	7.50	6.52	7.49	14648
2024-01-09 00:00	7.50	7.52	6.92	7.11	15577
2024-01-10 00:00	7.10	8.09	6.80	7.96	30380
2024-01-11 00:00	8.00	8.54	7.86	8.18	26167
2024-01-12 00:00	8.12	8.22	7.33	7.57	10104
2024-01-13 00:00	7.58	7.75	7.37	7.62	3888
2024-01-14 00:00	7.62	7.68	7.32	7.35	8281
2024-01-15 00:00	7.37	7.79	7.35	7.53	7747
2024-01-16 00:00	7.52	7.68	7.36	7.50	13020
2024-01-17 00:00	7.50	7.59	7.26	7.33	11840
2024-01-18 00:00	7.35	7.38	6.82	7.02	9912
2024-01-19 00:00	7.05	7.05	6.60	6.85	9091
2024-01-20 00:00	6.90	6.94	6.78	6.91	7089
2024-01-21 00:00	6.88	6.98	6.81	6.81	2698
2024-01-22 00:00	6.80	7.02	6.32	6.35	12348
2024-01-23 00:00	6.38	6.45	6.01	6.34	12745
2024-01-24 00:00	6.37	6.54	6.27	6.46	20925
2024-01-25 00:00	6.45	6.56	6.35	6.44	2445
2024-01-26 00:00	6.40	6.72	6.37	6.65	6107
2024-01-27 00:00	6.68	6.75	6.54	6.66	7292
2024-01-28 00:00	6.68	6.87	6.59	6.87	5619
2024-01-29 00:00	6.87	7.28	6.71	7.04	17413
2024-01-30 00:00	7.03	7.08	6.82	6.86	14123
2024-01-31 00:00	6.86	6.88	6.59	6.64	4806
2024-02-01 00:00	6.67	6.82	6.54	6.77	1819
2024-02-02 00:00	6.80	7.02	6.70	6.94	4234
2024-02-03 00:00	6.95	7.00	6.82	6.83	3487
2024-02-04 00:00	6.82	6.84	6.63	6.66	1327
2024-02-05 00:00	6.68	6.97	6.60	6.73	7996
2024-02-06 00:00	6.72	6.83	6.64	6.83	11037
2024-02-07 00:00	6.80	6.96	6.68	6.93	8863
2024-02-08 00:00	6.96	7.11	6.87	7.02	14789
2024-02-09 00:00	7.02	7.33	6.98	7.19	4672
2024-02-10 00:00	7.22	7.36	7.07	7.23	7185
2024-02-11 00:00	7.20	7.36	7.08	7.09	6570
2024-02-12 00:00	7.09	7.38	6.99	7.34	6589
2024-02-13 00:00	7.35	7.47	7.13	7.33	9467
2024-02-14 00:00	7.34	7.73	7.00	7.66	13991
2024-02-15 00:00	7.66	7.95	7.53	7.78	9639
2024-02-16 00:00	7.76	7.87	7.51	7.66	4249
2024-02-17 00:00	7.64	7.71	7.30	7.70	12022
2024-02-18 00:00	7.71	7.91	7.66	7.81	4324
2024-02-19 00:00	7.83	8.15	7.64	8.03	8438
2024-02-20 00:00	8.03	8.11	7.45	7.75	19437
2024-02-21 00:00	7.75	7.81	7.25	7.46	13533
2024-02-22 00:00	7.47	7.68	7.28	7.49	8356
2024-02-23 00:00	7.48	7.66	7.29	7.56	8883
2024-02-24 00:00	7.58	7.88	7.44	7.81	6007
2024-02-25 00:00	7.82	7.94	7.69	7.93	4544
2024-02-26 00:00	7.94	8.11	7.60	8.11	11246
2024-02-27 00:00	8.11	8.45	7.94	8.39	27818
2024-02-28 00:00	8.39	8.67	7.89	8.34	30397
2024-02-29 00:00	8.32	8.88	8.04	8.28	22077
2024-03-01 00:00	8.23	8.66	8.18	8.65	30861
2024-03-02 00:00	8.66	9.37	8.53	9.37	27515
2024-03-03 00:00	9.37	9.90	8.67	9.81	24023
2024-03-04 00:00	9.80	10.32	9.61	9.94	37733
2024-03-05 00:00	9.84	10.80	8.74	9.29	45225
2024-03-06 00:00	9.35	10.56	8.50	10.53	25514
2024-03-07 00:00	10.54	11.00	10.25	10.42	22101
2024-03-08 00:00	10.40	10.70	9.98	10.63	17629
2024-03-09 00:00	10.63	10.94	10.42	10.52	10121
2024-03-10 00:00	10.48	10.56	9.99	10.26	9596
2024-03-11 00:00	10.25	11.68	9.67	11.30	36963
2024-03-12 00:00	11.30	11.42	10.09	10.71	23764
2024-03-13 00:00	10.71	11.32	10.62	11.32	16184
2024-03-14 00:00	11.27	11.89	10.70	11.59	38540
2024-03-15 00:00	11.59	11.70	10.02	10.80	21679
2024-03-16 00:00	10.75	10.89	9.53	9.70	14571
2024-03-17 00:00	9.68	10.24	9.21	10.09	17107
2024-03-18 00:00	10.06	10.45	9.61	9.89	19124
2024-03-19 00:00	9.89	9.98	8.61	8.77	21704
2024-03-20 00:00	8.81	9.56	8.51	9.48	15397
2024-03-21 00:00	9.45	9.58	9.07	9.19	13615
2024-03-22 00:00	9.16	9.35	8.71	8.92	7899
2024-03-23 00:00	8.93	9.55	8.87	9.00	14385
2024-03-24 00:00	9.00	9.42	8.97	9.37	14135
2024-03-25 00:00	9.35	9.90	9.28	9.71	24574
2024-03-26 00:00	9.71	10.03	9.53	9.70	10417
2024-03-27 00:00	9.66	9.81	9.32	9.45	16145
2024-03-28 00:00	9.43	9.64	9.31	9.53	11716
2024-03-29 00:00	9.51	9.80	9.36	9.59	7634
2024-03-30 00:00	9.60	9.69	9.40	9.44	8754
2024-03-31 00:00	9.42	9.65	9.42	9.63	11006
2024-04-01 00:00	9.63	9.73	8.93	9.16	19510
2024-04-02 00:00	9.13	9.16	8.38	8.60	29681
2024-04-03 00:00	8.60	8.77	8.29	8.46	13315
2024-04-04 00:00	8.42	8.70	8.27	8.48	5918
2024-04-05 00:00	8.48	8.50	8.08	8.40	5113
2024-04-06 00:00	8.36	8.54	8.34	8.54	4814
2024-04-07 00:00	8.47	8.73	8.46	8.69	2828
2024-04-08 00:00	8.67	9.09	8.58	9.04	9727
2024-04-09 00:00	9.06	9.12	8.64	8.66	19589
2024-04-10 00:00	8.66	8.69	8.14	8.40	9634
2024-04-11 00:00	8.39	8.52	8.20	8.38	8913
2024-04-12 00:00	8.39	8.48	6.63	7.26	27554
2024-04-13 00:00	7.24	7.58	5.85	6.44	24374
2024-04-14 00:00	6.39	6.93	6.20	6.89	14985
2024-04-15 00:00	6.84	7.20	6.45	6.72	38366
2024-04-16 00:00	6.70	6.80	6.38	6.70	24613
2024-04-17 00:00	6.68	6.78	6.33	6.58	13177
2024-04-18 00:00	6.57	6.82	6.46	6.78	14871
2024-04-19 00:00	6.77	6.90	6.28	6.69	27141
2024-04-20 00:00	6.67	7.27	6.62	7.21	8413
2024-04-21 00:00	7.22	7.28	6.97	7.13	8866
2024-04-22 00:00	7.15	7.57	7.10	7.49	17447
2024-04-23 00:00	7.47	7.53	7.21	7.25	9548
2024-04-24 00:00	7.25	7.49	6.85	6.93	10166
2024-04-25 00:00	6.93	6.99	6.69	6.85	4364
2024-04-26 00:00	6.85	7.00	6.72	6.75	9346
2024-04-27 00:00	6.77	6.83	6.50	6.80	3435
2024-04-28 00:00	6.80	6.94	6.70	6.70	3086
2024-04-29 00:00	6.75	6.82	6.48	6.59	13334
2024-04-30 00:00	6.57	6.66	6.05	6.41	8772
2024-05-01 00:00	6.41	6.93	6.14	6.89	10531
2024-05-02 00:00	6.89	7.39	6.70	7.28	6708
2024-05-03 00:00	7.28	7.39	7.01	7.24	3887
2024-05-04 00:00	7.34	7.35	7.12	7.14	3885
2024-05-05 00:00	7.12	7.39	7.03	7.30	4453
2024-05-06 00:00	7.30	7.47	7.07	7.12	20544
2024-05-07 00:00	7.12	7.29	6.99	7.00	2505
2024-05-08 00:00	7.01	7.18	6.89	7.03	9267
2024-05-09 00:00	6.97	7.60	6.78	7.03	5867
2024-05-10 00:00	7.02	7.14	6.70	6.76	4664
2024-05-11 00:00	6.75	6.80	6.65	6.66	3781
2024-05-12 00:00	6.65	6.79	6.60	6.67	5167
2024-05-13 00:00	6.67	6.81	6.45	6.67	4211
2024-05-14 00:00	6.67	6.73	6.48	6.57	3558
2024-05-15 00:00	6.48	7.03	6.47	7.00	5408
2024-05-16 00:00	6.97	7.06	6.82	7.02	6932
2024-05-17 00:00	7.03	7.29	7.00	7.19	4362
2024-05-18 00:00	7.19	7.22	7.07	7.16	1849
2024-05-19 00:00	7.16	7.17	6.90	6.94	2074
2024-05-20 00:00	6.94	7.57	6.86	7.57	8352
2024-05-21 00:00	7.57	7.72	7.44	7.62	8552
2024-05-22 00:00	7.61	7.68	7.39	7.47	4442
2024-05-23 00:00	7.47	7.59	6.91	7.19	10181
2024-05-24 00:00	7.20	7.39	7.03	7.25	3254
2024-05-25 00:00	7.22	7.42	7.21	7.42	1953
2024-05-26 00:00	7.42	7.63	7.37	7.55	2773
2024-05-27 00:00	7.56	7.76	7.39	7.64	4679
2024-05-28 00:00	7.63	7.65	7.29	7.37	4261
2024-05-29 00:00	7.38	7.55	7.15	7.19	5152
2024-05-30 00:00	7.19	7.24	6.93	7.00	4173
2024-05-31 00:00	7.00	7.05	6.82	7.00	3664
2024-06-01 00:00	7.00	7.13	6.96	7.05	1808
2024-06-02 00:00	7.07	7.12	6.92	6.99	5948
2024-06-03 00:00	6.99	7.19	6.94	7.01	3654
2024-06-04 00:00	7.01	7.23	6.94	7.20	4830
2024-06-05 00:00	7.19	7.29	7.16	7.24	2606
2024-06-06 00:00	7.26	7.28	7.06	7.14	5498
2024-06-07 00:00	7.15	7.28	6.25	6.65	11476
2024-06-08 00:00	6.65	6.98	6.35	6.37	6712
2024-06-09 00:00	6.39	6.53	6.37	6.52	2456
2024-06-10 00:00	6.52	6.58	6.37	6.49	5411
2024-06-11 00:00	6.48	6.55	6.23	6.41	12034
2024-06-12 00:00	6.40	6.92	6.36	6.73	6128
2024-06-13 00:00	6.71	6.73	6.35	6.37	5664
2024-06-14 00:00	6.38	6.48	6.01	6.17	6524
2024-06-15 00:00	6.18	6.25	6.11	6.23	2531
2024-06-16 00:00	6.22	6.42	6.16	6.39	2365
2024-06-17 00:00	6.38	6.42	5.98	6.07	8629
2024-06-18 00:00	6.07	6.08	5.57	5.76	15336
2024-06-19 00:00	5.76	5.98	5.76	5.79	5285
2024-06-20 00:00	5.78	5.97	5.61	5.65	4412
2024-06-21 00:00	5.62	5.73	5.55	5.61	5572
2024-06-22 00:00	5.60	5.80	5.55	5.75	2624
2024-06-23 00:00	5.76	5.81	5.60	5.64	9287
2024-06-24 00:00	5.66	5.72	5.40	5.72	6683
2024-06-25 00:00	5.74	5.97	5.72	5.85	4927
2024-06-26 00:00	5.85	5.94	5.77	5.79	3241
2024-06-27 00:00	5.79	6.37	5.71	6.28	6990
2024-06-28 00:00	6.28	6.43	6.17	6.18	3449
2024-06-29 00:00	6.20	6.29	6.07	6.08	861
2024-06-30 00:00	6.08	6.25	6.03	6.21	2122
2024-07-01 00:00	6.20	6.45	6.20	6.34	8311
2024-07-02 00:00	6.33	6.59	6.32	6.51	6707
2024-07-03 00:00	6.52	6.52	6.01	6.05	6915
2024-07-04 00:00	6.06	6.13	5.55	5.57	7029
2024-07-05 00:00	5.55	5.91	4.93	5.69	18159
2024-07-06 00:00	5.69	6.30	5.64	6.22	5193
2024-07-07 00:00	6.23	6.31	5.89	5.89	2685
2024-07-08 00:00	5.88	6.28	5.70	5.93	6778
2024-07-09 00:00	5.93	6.18	5.85	6.11	8944
2024-07-10 00:00	6.11	6.26	6.06	6.08	2864
2024-07-11 00:00	6.10	6.24	5.90	5.90	1722
2024-07-12 00:00	5.90	6.09	5.81	6.08	2864
2024-07-13 00:00	6.09	6.30	6.07	6.25	5335
2024-07-14 00:00	6.24	6.35	6.16	6.34	1843
2024-07-15 00:00	6.31	6.53	6.30	6.49	5019
2024-07-16 00:00	6.47	6.49	6.14	6.34	13171
2024-07-17 00:00	6.35	6.53	6.25	6.25	5264
2024-07-18 00:00	6.27	6.40	6.03	6.09	8787
2024-07-19 00:00	6.10	6.35	5.99	6.34	5654
2024-07-20 00:00	6.35	6.38	6.23	6.32	3945
2024-07-21 00:00	6.33	6.43	6.11	6.40	3221
2024-07-22 00:00	6.43	6.47	6.09	6.13	2187
2024-07-23 00:00	6.10	6.15	5.82	5.91	6349
2024-07-24 00:00	5.92	5.99	5.66	5.74	4131
2024-07-25 00:00	5.75	5.76	5.53	5.75	10208
2024-07-26 00:00	5.75	5.88	5.72	5.88	5282
2024-07-27 00:00	5.86	5.94	5.72	5.83	7983
2024-07-28 00:00	5.81	5.83	5.68	5.73	1764
2024-07-29 00:00	5.72	5.86	5.63	5.65	6553
2024-07-30 00:00	5.65	5.71	5.48	5.52	4926
2024-07-31 00:00	5.51	5.55	5.34	5.39	2133
2024-08-01 00:00	5.39	5.41	5.03	5.34	8652
2024-08-02 00:00	5.35	5.36	5.01	5.12	4803
2024-08-03 00:00	5.12	5.20	4.90	5.04	9710
2024-08-04 00:00	5.04	5.09	4.57	4.72	9367
2024-08-05 00:00	4.73	4.83	3.63	4.28	14706
2024-08-06 00:00	4.20	4.60	4.20	4.49	5514
2024-08-07 00:00	4.50	4.63	4.42	4.56	16363
2024-08-08 00:00	4.58	4.90	4.49	4.88	11818
2024-08-09 00:00	4.88	4.92	4.74	4.76	2768
2024-08-10 00:00	4.78	4.80	4.73	4.76	1349
2024-08-11 00:00	4.76	4.81	4.48	4.51	2025
2024-08-12 00:00	4.51	4.66	4.45	4.57	2453
2024-08-13 00:00	4.59	4.61	4.40	4.54	14804
2024-08-14 00:00	4.55	4.55	4.36	4.39	5795
2024-08-15 00:00	4.38	4.47	4.24	4.28	3299
2024-08-16 00:00	4.28	4.38	4.22	4.28	11142
2024-08-17 00:00	4.29	4.38	4.28	4.37	5300
2024-08-18 00:00	4.37	4.52	4.34	4.39	5564
2024-08-19 00:00	4.39	4.50	4.35	4.49	2478
2024-08-20 00:00	4.47	4.60	4.46	4.53	1719
2024-08-21 00:00	4.52	4.74	4.50	4.66	18148
2024-08-22 00:00	4.67	4.71	4.60	4.68	1710
2024-08-23 00:00	4.69	4.94	4.68	4.92	6746
2024-08-24 00:00	4.90	5.09	4.85	4.97	3709
2024-08-25 00:00	4.93	4.97	4.75	4.81	3308
2024-08-26 00:00	4.84	4.85	4.53	4.58	3453
2024-08-27 00:00	4.57	4.65	4.25	4.38	6430
2024-08-28 00:00	4.36	4.44	4.18	4.26	4629
2024-08-29 00:00	4.25	4.39	4.17	4.25	5724
2024-08-30 00:00	4.25	4.33	4.11	4.29	4718
2024-08-31 00:00	4.28	4.31	4.22	4.25	1267
2024-09-01 00:00	4.25	4.25	4.03	4.08	3425
2024-09-02 00:00	4.08	4.22	4.06	4.21	2614
2024-09-03 00:00	4.21	4.28	4.07	4.07	3198
2024-09-04 00:00	4.07	4.19	3.88	4.10	5569
2024-09-05 00:00	4.11	4.11	3.98	4.01	4588
2024-09-06 00:00	4.02	4.09	3.82	3.95	6128
2024-09-07 00:00	3.97	4.13	3.93	4.08	2890
2024-09-08 00:00	4.08	4.21	4.08	4.16	1096
2024-09-09 00:00	4.18	4.33	4.11	4.28	3412
2024-09-10 00:00	4.28	4.28	4.21	4.25	3305
2024-09-11 00:00	4.25	4.25	4.07	4.18	5923
2024-09-12 00:00	4.19	4.29	4.18	4.28	1536
2024-09-13 00:00	4.28	4.46	4.27	4.42	5262
2024-09-14 00:00	4.43	4.44	4.35	4.44	7866
2024-09-15 00:00	4.44	4.54	4.36	4.40	10813
2024-09-16 00:00	4.38	4.40	4.16	4.20	3095
2024-09-17 00:00	4.19	4.28	4.14	4.15	8021
2024-09-18 00:00	4.15	4.17	3.98	4.17	9855
2024-09-19 00:00	4.17	4.37	4.17	4.25	30776
2024-09-20 00:00	4.25	4.41	4.20	4.35	11789
2024-09-21 00:00	4.35	4.48	4.31	4.48	2242
2024-09-22 00:00	4.47	4.48	4.24	4.30	4686
2024-09-23 00:00	4.30	4.46	4.25	4.46	3735
2024-09-24 00:00	4.46	4.68	4.40	4.63	6289
2024-09-25 00:00	4.64	4.76	4.60	4.63	3351
2024-09-26 00:00	4.65	4.87	4.58	4.81	6326
2024-09-27 00:00	4.82	4.96	4.81	4.89	5889
2024-09-28 00:00	4.89	4.92	4.75	4.80	3282
2024-09-29 00:00	4.81	4.85	4.69	4.75	4287
2024-09-30 00:00	4.76	4.76	4.40	4.43	5646
2024-10-01 00:00	4.43	4.56	4.06	4.17	12659
2024-10-02 00:00	4.15	4.26	4.01	4.10	6918
2024-10-03 00:00	4.10	4.17	3.99	4.12	2750
2024-10-04 00:00	4.13	4.20	4.11	4.20	1680
2024-10-05 00:00	4.20	4.22	4.08	4.13	3272
2024-10-06 00:00	4.13	4.18	4.11	4.18	1621
2024-10-07 00:00	4.19	4.26	4.13	4.14	5728
2024-10-08 00:00	4.13	4.18	4.05	4.08	2912
2024-10-09 00:00	4.10	4.15	3.96	4.03	3236
2024-10-10 00:00	4.03	4.07	3.97	4.07	2584
2024-10-11 00:00	4.07	4.19	4.06	4.17	2027
2024-10-12 00:00	4.18	4.26	4.15	4.21	2682
2024-10-13 00:00	4.20	4.21	4.09	4.15	2175
2024-10-14 00:00	4.16	4.39	4.14	4.38	5834
2024-10-15 00:00	4.38	4.53	4.30	4.40	9750
2024-10-16 00:00	4.40	4.40	4.29	4.31	11283
2024-10-17 00:00	4.32	4.34	4.15	4.19	3254
2024-10-18 00:00	4.19	4.31	4.18	4.31	1317
2024-10-19 00:00	4.31	4.48	4.30	4.43	2823
2024-10-20 00:00	4.43	4.58	4.36	4.57	2927
2024-10-21 00:00	4.58	4.60	4.34	4.39	7360
2024-10-22 00:00	4.40	4.43	4.28	4.33	2159
2024-10-23 00:00	4.33	4.33	4.10	4.21	2789
2024-10-24 00:00	4.21	4.26	4.15	4.20	3128
2024-10-25 00:00	4.21	4.22	3.97	4.00	94815
2024-10-26 00:00	3.98	4.06	3.95	4.03	4936
2024-10-27 00:00	4.04	4.13	4.01	4.12	1243
2024-10-28 00:00	4.13	4.22	4.01	4.14	7627
2024-10-29 00:00	4.13	4.24	4.11	4.19	5377
2024-10-30 00:00	4.19	4.21	4.13	4.20	3287
2024-10-31 00:00	4.20	4.21	3.91	3.97	5903
2024-11-01 00:00	3.96	3.99	3.85	3.90	4496
2024-11-02 00:00	3.91	3.94	3.83	3.88	2770
2024-11-03 00:00	3.92	3.92	3.68	3.80	6221
2024-11-04 00:00	3.78	3.83	3.68	3.75	4339
2024-11-05 00:00	3.77	3.91	3.75	3.86	4512
2024-11-06 00:00	3.88	4.12	3.86	4.12	9813
2024-11-07 00:00	4.11	4.19	4.05	4.15	6088
2024-11-08 00:00	4.17	4.39	4.12	4.33	22132
2024-11-09 00:00	4.33	4.63	4.27	4.62	13942
2024-11-10 00:00	4.64	5.48	4.59	5.24	25440
2024-11-11 00:00	5.20	5.79	4.99	5.70	31621
2024-11-12 00:00	5.71	6.30	5.12	5.31	180479
2024-11-13 00:00	5.33	5.43	4.92	5.10	13727
2024-11-14 00:00	5.08	5.21	4.70	4.77	48521
2024-11-15 00:00	4.78	5.17	4.45	5.09	11157
2024-11-16 00:00	5.17	5.79	5.09	5.75	17848
2024-11-17 00:00	5.80	6.14	5.32	5.41	20305
2024-11-18 00:00	5.42	6.08	5.41	6.05	22646
2024-11-19 00:00	5.97	7.34	5.69	5.80	158523
2024-11-20 00:00	5.81	6.08	5.59	5.71	231723
2024-11-21 00:00	5.70	5.96	5.48	5.94	11723
2024-11-22 00:00	5.94	6.68	5.89	6.63	69277
2024-11-23 00:00	6.60	9.32	6.60	8.57	63471
2024-11-24 00:00	8.57	10.45	8.07	8.94	38740
2024-11-25 00:00	8.85	9.36	8.12	8.25	21697
2024-11-26 00:00	8.24	8.44	7.53	8.10	12685
2024-11-27 00:00	8.07	8.54	7.87	8.50	14434
2024-11-28 00:00	8.43	8.74	7.53	8.60	17032
2024-11-29 00:00	8.62	9.07	8.45	9.00	12584
2024-11-30 00:00	9.00	9.21	8.62	8.95	13694
2024-12-01 00:00	8.99	9.37	8.71	9.31	10802
2024-12-02 00:00	9.29	10.18	8.47	10.06	28214
2024-12-03 00:00	10.04	10.35	9.08	9.82	40841
2024-12-04 00:00	9.87	11.63	9.68	10.53	42972
2024-12-05 00:00	10.48	11.22	9.91	10.40	35777
2024-12-06 00:00	10.37	10.84	10.07	10.71	19044
2024-12-07 00:00	10.67	10.94	10.35	10.61	39542
2024-12-08 00:00	10.62	10.77	10.21	10.40	8360
2024-12-09 00:00	10.36	10.40	7.85	8.57	25995
2024-12-10 00:00	8.57	8.95	7.67	8.37	47596
2024-12-11 00:00	8.35	9.25	8.05	9.00	47819
2024-12-12 00:00	8.98	9.66	8.92	9.07	41240
2024-12-13 00:00	9.07	9.23	8.79	9.07	16108
2024-12-14 00:00	9.07	9.20	8.36	8.55	23646
2024-12-15 00:00	8.54	9.24	8.39	9.02	15170
2024-12-16 00:00	8.99	9.19	8.62	8.75	39573
2024-12-17 00:00	8.75	8.96	8.38	8.47	54413
2024-12-18 00:00	8.49	8.54	7.70	7.75	30112
2024-12-19 00:00	7.71	7.79	6.78	6.94	23865
2024-12-20 00:00	6.94	7.35	6.05	7.29	18143
2024-12-21 00:00	7.29	7.80	6.84	6.97	15630
2024-12-22 00:00	6.97	7.26	6.70	6.82	10359
2024-12-23 00:00	6.82	7.56	6.67	7.35	7630
2024-12-24 00:00	7.34	7.63	7.16	7.57	9342
2024-12-25 00:00	7.52	7.68	7.36	7.49	4260
2024-12-26 00:00	7.52	7.58	6.89	6.95	6126
2024-12-27 00:00	6.97	7.30	6.81	6.90	5336
2024-12-28 00:00	6.90	7.16	6.81	7.10	2343
2024-12-29 00:00	7.10	7.13	6.82	6.83	1236
2024-12-30 00:00	6.89	7.10	6.44	6.66	13666
2024-12-31 00:00	6.68	6.92	6.57	6.63	5967
2025-01-01 00:00	6.67	7.13	6.52	7.03	6649
2025-01-02 00:00	7.09	7.36	7.03	7.18	49465
2025-01-03 00:00	7.18	7.99	7.14	7.75	20221
2025-01-04 00:00	7.75	7.88	7.61	7.69	3206
2025-01-05 00:00	7.68	7.72	7.47	7.67	3486
2025-01-06 00:00	7.66	7.98	7.55	7.76	19597
2025-01-07 00:00	7.75	7.88	7.01	7.02	30031
2025-01-08 00:00	7.02	7.13	6.44	6.76	5449
2025-01-09 00:00	6.76	6.84	6.46	6.56	7197
2025-01-10 00:00	6.61	6.81	6.50	6.76	8235
2025-01-11 00:00	6.72	6.87	6.59	6.74	2012
2025-01-12 00:00	6.73	6.81	6.55	6.61	517
2025-01-13 00:00	6.63	6.81	6.02	6.41	15945
2025-01-14 00:00	6.38	6.68	6.38	6.65	2996
2025-01-15 00:00	6.65	7.19	6.56	7.18	6587
2025-01-16 00:00	7.19	7.38	6.86	7.16	12979
2025-01-17 00:00	7.16	7.59	7.16	7.49	18776
2025-01-18 00:00	7.52	7.59	6.85	6.96	10192
2025-01-19 00:00	6.98	7.23	6.13	6.25	19081
2025-01-20 00:00	6.18	7.10	6.07	6.36	16495
2025-01-21 00:00	6.35	6.84	6.16	6.62	4061
2025-01-22 00:00	6.64	6.70	6.42	6.42	8885
2025-01-23 00:00	6.45	6.50	6.20	6.37	6116
2025-01-24 00:00	6.36	6.53	6.20	6.31	5266
2025-01-25 00:00	6.31	6.39	6.25	6.32	1878
2025-01-26 00:00	6.31	6.46	6.17	6.18	25878
2025-01-27 00:00	6.17	6.20	5.51	5.93	15900
2025-01-28 00:00	5.97	6.02	5.60	5.63	13612
2025-01-29 00:00	5.68	5.88	5.55	5.77	6395
2025-01-30 00:00	5.74	6.26	5.73	6.13	5139
2025-01-31 00:00	6.14	6.49	6.03	6.30	8047
2025-02-01 00:00	6.33	6.48	5.86	5.93	3872
2025-02-02 00:00	5.96	6.04	4.90	5.15	18243
2025-02-03 00:00	5.13	5.27	3.81	5.19	28443
2025-02-04 00:00	5.20	5.23	4.60	4.70	8341
2025-02-05 00:00	4.71	4.86	4.64	4.65	3410
2025-02-06 00:00	4.70	4.83	4.45	4.48	7572
2025-02-07 00:00	4.50	4.93	4.46	4.59	3598
2025-02-08 00:00	4.55	4.76	4.50	4.75	2612
2025-02-09 00:00	4.76	4.87	4.52	4.78	3901
2025-02-10 00:00	4.78	4.92	4.61	4.83	4315
2025-02-11 00:00	4.85	5.21	4.76	4.87	6582
2025-02-12 00:00	4.81	5.32	4.76	5.22	6498
2025-02-13 00:00	5.23	5.27	5.07	5.08	5461
2025-02-14 00:00	5.14	5.37	5.08	5.18	3506
2025-02-15 00:00	5.14	5.23	4.99	5.02	2792
2025-02-16 00:00	5.01	5.02	4.82	4.87	4048
2025-02-17 00:00	4.88	5.05	4.79	4.84	5599
2025-02-18 00:00	4.89	4.91	4.57	4.75	9562
2025-02-19 00:00	4.77	4.91	4.70	4.85	2323
2025-02-20 00:00	4.90	5.06	4.85	5.06	1576
2025-02-21 00:00	5.06	5.32	4.95	5.06	3697
2025-02-22 00:00	5.11	5.20	5.03	5.05	1321
2025-02-23 00:00	5.04	5.11	4.91	4.95	1795
2025-02-24 00:00	4.96	4.96	4.34	4.41	6355
2025-02-25 00:00	4.38	4.75	4.14	4.64	10823
2025-02-26 00:00	4.64	4.93	4.59	4.75	9764
2025-02-27 00:00	4.77	5.18	4.72	4.93	5470
2025-02-28 00:00	4.91	4.93	4.47	4.72	11720
2025-03-01 00:00	4.67	4.81	4.53	4.67	2248
2025-03-02 00:00	4.66	5.22	4.57	5.21	7981
2025-03-03 00:00	5.22	5.24	4.45	4.49	7664
2025-03-04 00:00	4.47	4.51	4.03	4.31	9552
2025-03-05 00:00	4.31	4.54	4.29	4.52	4466
2025-03-06 00:00	4.52	4.66	4.35	4.45	2843
2025-03-07 00:00	4.41	4.67	4.20	4.40	16572
2025-03-08 00:00	4.42	4.43	4.27	4.28	2157
2025-03-09 00:00	4.32	4.34	3.98	4.02	7927
2025-03-10 00:00	4.01	4.28	3.78	3.87	17089
2025-03-11 00:00	3.88	4.12	3.66	4.04	4181
2025-03-12 00:00	4.04	4.09	3.85	3.95	3641
2025-03-13 00:00	3.95	4.09	3.84	4.00	5288
2025-03-14 00:00	3.98	4.22	3.98	4.16	5492
2025-03-15 00:00	4.20	4.42	4.16	4.36	2702
2025-03-16 00:00	4.34	4.36	4.19	4.28	1772
2025-03-17 00:00	4.32	4.46	4.28	4.38	3724
2025-03-18 00:00	4.37	4.48	4.23	4.46	3755
2025-03-19 00:00	4.48	4.58	4.45	4.54	6062
2025-03-20 00:00	4.55	4.55	4.33	4.38	818
2025-03-21 00:00	4.39	4.58	4.38	4.50	3685
2025-03-22 00:00	4.49	4.54	4.42	4.43	753
2025-03-23 00:00	4.43	4.51	4.40	4.50	1573
2025-03-24 00:00	4.52	4.77	4.46	4.61	4041
2025-03-25 00:00	4.62	4.70	4.59	4.63	3747
2025-03-26 00:00	4.65	4.76	4.60	4.68	3727
2025-03-27 00:00	4.70	4.75	4.51	4.63	8855
2025-03-28 00:00	4.60	4.64	4.25	4.30	3144
2025-03-29 00:00	4.28	4.30	4.00	4.05	3162
2025-03-30 00:00	4.05	4.17	3.98	4.04	8548
2025-03-31 00:00	4.04	4.09	3.95	3.98	3224
2025-04-01 00:00	4.04	4.27	3.98	4.17	1993
2025-04-02 00:00	4.16	4.22	3.92	3.96	3874
2025-04-03 00:00	3.96	4.10	3.81	4.05	8838
2025-04-04 00:00	4.06	4.12	3.96	4.04	2791
2025-04-05 00:00	4.03	4.08	3.91	3.94	2098
2025-04-06 00:00	3.95	3.98	3.31	3.68	27365
2025-04-07 00:00	3.68	3.72	3.30	3.59	9228
2025-04-08 00:00	3.61	3.69	3.35	3.38	5990
2025-04-09 00:00	3.36	3.74	3.26	3.65	8583
2025-04-10 00:00	3.63	3.65	3.39	3.45	7049
2025-04-11 00:00	3.47	3.59	3.42	3.55	1658
2025-04-12 00:00	3.56	3.75	3.54	3.71	1117
2025-04-13 00:00	3.72	3.81	3.63	3.64	6209
2025-04-14 00:00	3.67	3.79	3.64	3.68	2627
2025-04-15 00:00	3.67	3.74	3.52	3.52	2658
2025-04-16 00:00	3.52	3.62	3.48	3.55	1702
2025-04-17 00:00	3.58	3.69	3.54	3.64	8776
2025-04-18 00:00	3.65	3.74	3.63	3.69	925
2025-04-19 00:00	3.68	3.89	3.65	3.88	1944
2025-04-20 00:00	3.88	3.94	3.80	3.88	1242
2025-04-21 00:00	3.88	3.97	3.78	3.78	3137
2025-04-22 00:00	3.78	4.04	3.69	3.96	10075
2025-04-23 00:00	3.96	4.19	3.96	4.06	13444
2025-04-24 00:00	4.07	4.27	3.94	4.25	7106
2025-04-25 00:00	4.28	4.36	4.23	4.28	2375
2025-04-26 00:00	4.26	4.35	3.58	4.27	5595
2025-04-27 00:00	4.28	4.28	4.06	4.09	1927
2025-04-28 00:00	4.09	4.26	3.95	4.23	4441
2025-04-29 00:00	4.24	4.32	4.11	4.11	3009
2025-04-30 00:00	4.13	4.17	4.03	4.08	10839
2025-05-01 00:00	4.12	4.22	4.07	4.17	9526
2025-05-02 00:00	4.22	4.28	4.14	4.16	820
2025-05-03 00:00	4.13	4.16	4.01	4.04	915
2025-05-04 00:00	4.03	4.04	3.90	3.90	2352
2025-05-05 00:00	3.92	4.01	3.89	3.91	7971
2025-05-06 00:00	3.92	3.97	3.83	3.96	2289
2025-05-07 00:00	3.98	4.00	3.88	3.96	2460
2025-05-08 00:00	3.99	4.48	3.96	4.45	12320
2025-05-09 00:00	4.47	4.86	4.39	4.79	13034
2025-05-10 00:00	4.80	5.31	4.80	5.31	11727
2025-05-11 00:00	5.32	5.35	4.96	5.09	7078
2025-05-12 00:00	5.06	5.39	4.91	5.07	13239
2025-05-13 00:00	5.06	5.27	4.83	5.21	3483
2025-05-14 00:00	5.22	5.25	4.96	4.97	5221
2025-05-15 00:00	5.02	5.02	4.69	4.73	12149
2025-05-16 00:00	4.77	4.95	4.72	4.76	1762
2025-05-17 00:00	4.72	4.76	4.57	4.57	3988
2025-05-18 00:00	4.62	4.91	4.52	4.80	1618
2025-05-19 00:00	4.80	4.80	4.42	4.57	1585
2025-05-20 00:00	4.63	4.71	4.52	4.68	611
2025-05-21 00:00	4.69	4.85	4.62	4.79	3738
2025-05-22 00:00	4.74	4.99	4.74	4.95	1718
2025-05-23 00:00	4.91	5.11	4.55	4.55	7270
2025-05-24 00:00	4.56	4.64	4.52	4.53	2057
2025-05-25 00:00	4.56	4.56	4.36	4.53	1256
2025-05-26 00:00	4.53	4.61	4.43	4.44	864
2025-05-27 00:00	4.48	4.61	4.37	4.54	1327
2025-05-28 00:00	4.51	4.65	4.42	4.56	2621
2025-05-29 00:00	4.60	4.67	4.32	4.34	2461
2025-05-30 00:00	4.33	4.35	4.01	4.05	2338
2025-05-31 00:00	4.00	4.12	3.90	4.10	2420
2025-06-01 00:00	4.04	4.10	3.98	4.07	1620
2025-06-02 00:00	4.09	4.16	3.96	4.15	1467
2025-06-03 00:00	4.17	4.22	4.10	4.15	1137
2025-06-04 00:00	4.13	4.21	3.93	3.99	3550
2025-06-05 00:00	4.00	4.07	3.76	3.84	6283
2025-06-06 00:00	3.85	3.98	3.84	3.88	1266
2025-06-07 00:00	3.87	4.04	3.87	4.04	787
2025-06-08 00:00	4.00	4.10	3.99	4.03	481
2025-06-09 00:00	4.03	4.16	3.97	4.16	1489
2025-06-10 00:00	4.15	4.31	4.10	4.30	1825
2025-06-11 00:00	4.31	4.34	4.15	4.19	3880
2025-06-12 00:00	4.16	4.19	3.92	3.94	3381
2025-06-13 00:00	3.90	3.94	3.67	3.83	9590
2025-06-14 00:00	3.84	3.84	3.72	3.77	675
2025-06-15 00:00	3.79	3.83	3.74	3.77	818
2025-06-16 00:00	3.80	3.99	3.61	3.86	97927
2025-06-17 00:00	3.84	3.89	3.67	3.70	11650
2025-06-18 00:00	3.72	3.78	3.56	3.62	2176
2025-06-19 00:00	3.59	3.63	3.50	3.54	4451
2025-06-20 00:00	3.55	3.58	3.34	3.41	4985
2025-06-21 00:00	3.45	3.50	3.21	3.33	4010
2025-06-22 00:00	3.34	3.36	3.01	3.14	13913
2025-06-23 00:00	3.14	3.41	3.12	3.41	3743
2025-06-24 00:00	3.42	3.52	3.34	3.42	2987
2025-06-25 00:00	3.42	3.45	3.34	3.34	432
2025-06-26 00:00	3.36	3.42	3.28	3.31	3335
2025-06-27 00:00	3.32	3.38	3.28	3.36	1148
2025-06-28 00:00	3.36	3.42	3.33	3.41	866
2025-06-29 00:00	3.41	3.58	3.37	3.58	1053
2025-06-30 00:00	3.52	3.58	3.36	3.39	1317
2025-07-01 00:00	3.40	3.42	3.26	3.28	15941
2025-07-02 00:00	3.26	3.61	3.26	3.54	4489
2025-07-03 00:00	3.58	3.66	3.50	3.54	2889
2025-07-04 00:00	3.54	3.56	3.32	3.33	2646
2025-07-05 00:00	3.37	3.38	3.31	3.37	6850
2025-07-06 00:00	3.37	3.44	3.31	3.41	1975
2025-07-07 00:00	3.38	3.43	3.33	3.37	6937
2025-07-08 00:00	3.37	3.47	3.33	3.45	1604
2025-07-09 00:00	3.44	3.66	3.41	3.65	3508
2025-07-10 00:00	3.63	3.89	3.58	3.89	4535
2025-07-11 00:00	3.85	4.10	3.82	3.93	9698
2025-07-12 00:00	3.90	4.06	3.66	3.89	5174
2025-07-13 00:00	3.90	4.06	3.66	3.96	8461
2025-07-14 00:00	3.99	4.19	3.70	3.95	7373
2025-07-15 00:00	3.92	4.10	3.80	4.10	4314
2025-07-16 00:00	4.09	4.27	4.02	4.19	7040
2025-07-17 00:00	4.17	4.30	4.07	4.27	7425
2025-07-18 00:00	4.26	4.62	4.15	4.17	12998
2025-07-19 00:00	4.23	4.45	4.14	4.41	4299
2025-07-20 00:00	4.41	4.57	4.36	4.45	5958
2025-07-21 00:00	4.43	4.67	4.39	4.47	5529
2025-07-22 00:00	4.50	4.55	4.26	4.52	6400
2025-07-23 00:00	4.53	4.54	4.01	4.10	7226
2025-07-24 00:00	4.09	4.20	3.90	3.99	16966
2025-07-25 00:00	3.98	4.09	3.87	4.08	4341
2025-07-26 00:00	4.08	4.19	4.05	4.12	2178
2025-07-27 00:00	4.16	4.25	4.10	4.23	2793
2025-07-28 00:00	4.24	4.31	3.94	3.94	5900
2025-07-29 00:00	3.93	4.07	3.82	3.89	2063
2025-07-30 00:00	3.87	3.92	3.55	3.78	6167
2025-07-31 00:00	3.81	3.92	3.67	3.67	3558
2025-08-01 00:00	3.67	3.72	3.35	3.55	10659
2025-08-02 00:00	3.56	3.62	3.43	3.51	6437
2025-08-03 00:00	3.53	3.61	3.51	3.61	369
2025-08-04 00:00	3.62	3.77	3.61	3.72	679
2025-08-05 00:00	3.72	3.72	3.54	3.60	11721
2025-08-06 00:00	3.59	3.70	3.56	3.68	2470
2025-08-07 00:00	3.66	3.86	3.64	3.85	9542
2025-08-08 00:00	3.86	3.99	3.82	3.98	7044
2025-08-09 00:00	3.98	4.16	3.93	4.13	2606
2025-08-10 00:00	4.15	4.18	3.97	4.05	3353
2025-08-11 00:00	4.07	4.16	3.84	3.87	3066
2025-08-12 00:00	3.85	4.23	3.85	4.14	9257
2025-08-13 00:00	4.17	4.31	4.12	4.24	9199
2025-08-14 00:00	4.31	4.37	3.91	3.98	7122
2025-08-15 00:00	3.98	4.09	3.83	3.93	9016
2025-08-16 00:00	3.93	3.99	3.87	3.96	2023
2025-08-17 00:00	3.97	4.19	3.92	4.09	2273
2025-08-18 00:00	4.06	4.09	3.76	3.92	13838
2025-08-19 00:00	3.92	3.96	3.72	3.77	6310
2025-08-20 00:00	3.75	3.89	3.70	3.89	6028
2025-08-21 00:00	3.89	3.91	3.78	3.80	3435
2025-08-22 00:00	3.81	4.21	3.70	4.20	4819
2025-08-23 00:00	4.19	4.26	4.03	4.22	7669
2025-08-24 00:00	4.24	4.28	4.02	4.11	7723
2025-08-25 00:00	4.06	4.14	3.69	3.74	5454
2025-08-26 00:00	3.72	3.94	3.70	3.88	2576
2025-08-27 00:00	3.89	3.95	3.84	3.87	502
2025-08-28 00:00	3.84	4.04	3.79	3.98	3126
2025-08-29 00:00	4.00	4.00	3.73	3.78	2885
2025-08-30 00:00	3.79	3.82	3.72	3.77	894
2025-08-31 00:00	3.82	3.87	3.73	3.73	1297
2025-09-01 00:00	3.72	3.87	3.62	3.69	5898
2025-09-02 00:00	3.69	3.82	3.69	3.82	1098
2025-09-03 00:00	3.81	3.96	3.80	3.87	4537
2025-09-04 00:00	3.86	3.90	3.74	3.79	6822
2025-09-05 00:00	3.82	3.89	3.76	3.82	8835
2025-09-06 00:00	3.85	3.88	3.79	3.81	2951
2025-09-07 00:00	3.83	4.07	3.81	4.05	12717
2025-09-08 00:00	4.00	4.10	3.96	4.05	1881
2025-09-09 00:00	4.07	4.25	4.03	4.14	5786
2025-09-10 00:00	4.13	4.22	4.05	4.21	4539
2025-09-11 00:00	4.21	4.26	4.15	4.24	3036
2025-09-12 00:00	4.25	4.34	4.16	4.33	8735
2025-09-13 00:00	4.32	4.63	4.32	4.49	7802
2025-09-14 00:00	4.43	4.49	4.29	4.35	2812
2025-09-15 00:00	4.36	4.39	4.11	4.14	8013
2025-09-16 00:00	4.14	4.29	4.13	4.29	972
2025-09-17 00:00	4.25	4.43	4.14	4.41	3415
2025-09-18 00:00	4.41	4.60	4.40	4.53	8442
2025-09-19 00:00	4.56	4.88	4.22	4.32	25747
2025-09-20 00:00	4.37	4.45	4.30	4.35	1482
2025-09-21 00:00	4.35	4.37	4.25	4.28	3165
2025-09-22 00:00	4.27	4.28	3.94	4.03	28618
2025-09-23 00:00	4.05	4.06	3.95	3.97	3875
2025-09-24 00:00	3.97	4.10	3.92	3.98	2342
2025-09-25 00:00	4.04	4.04	3.78	3.78	18388
2025-09-26 00:00	3.83	3.97	3.77	3.91	1863
2025-09-27 00:00	3.90	3.93	3.85	3.89	609
2025-09-28 00:00	3.87	4.02	3.80	4.00	681
2025-09-29 00:00	3.97	4.10	3.87	3.98	2018
2025-09-30 00:00	3.98	3.98	3.81	3.87	14351
2025-10-01 00:00	3.92	4.12	3.87	4.12	2446
2025-10-02 00:00	4.13	4.36	4.08	4.32	18269
2025-10-03 00:00	4.27	4.38	4.19	4.34	7739
2025-10-04 00:00	4.32	4.34	4.15	4.20	2546
2025-10-05 00:00	4.20	4.36	4.08	4.15	1579
2025-10-06 00:00	4.15	4.43	4.12	4.42	2663
2025-10-07 00:00	4.38	4.43	4.11	4.17	14158
2025-10-08 00:00	4.17	4.24	4.07	4.20	4505
2025-10-09 00:00	4.17	4.20	3.97	4.09	1701
2025-10-10 00:00	4.10	4.28	3.15	3.24	44833
2025-10-11 00:00	3.24	3.30	2.89	2.99	19283
2025-10-12 00:00	3.00	3.30	2.91	3.24	6999
2025-10-13 00:00	3.22	3.43	3.20	3.40	4741
2025-10-14 00:00	3.43	3.43	3.07	3.26	8112
2025-10-15 00:00	3.24	3.32	3.10	3.14	4156
2025-10-16 00:00	3.13	3.20	2.98	3.02	3171
2025-10-17 00:00	3.02	3.13	2.79	2.89	9997
2025-10-18 00:00	2.90	2.96	2.89	2.96	2525
2025-10-19 00:00	2.92	3.06	2.89	3.00	5952
2025-10-20 00:00	3.00	3.12	2.95	3.08	2910
2025-10-21 00:00	3.06	3.19	2.96	3.00	3487
2025-10-22 00:00	3.01	3.04	2.85	2.91	5017
2025-10-23 00:00	2.92	3.02	2.91	3.00	1535
2025-10-24 00:00	2.99	3.13	2.99	3.08	2676
2025-10-25 00:00	3.06	3.10	3.04	3.10	678
2025-10-26 00:00	3.07	3.23	3.04	3.21	1483
2025-10-27 00:00	3.20	3.24	3.12	3.12	1550
2025-10-28 00:00	3.15	3.18	3.00	3.05	1587
2025-10-29 00:00	3.05	3.19	3.02	3.08	1768
2025-10-30 00:00	3.08	3.11	2.80	2.87	8316
2025-10-31 00:00	2.88	2.93	2.83	2.91	1876
2025-11-01 00:00	2.86	2.97	2.86	2.97	1532
2025-11-02 00:00	2.97	3.01	2.88	2.98	5827
2025-11-03 00:00	2.99	2.99	2.68	2.68	5533
2025-11-04 00:00	2.68	2.70	2.40	2.52	21563
2025-11-05 00:00	2.52	2.67	2.52	2.64	5969
2025-11-06 00:00	2.64	2.68	2.53	2.64	5539
2025-11-07 00:00	2.67	3.33	2.64	3.25	33429
2025-11-08 00:00	3.29	3.53	3.10	3.25	19657
2025-11-09 00:00	3.25	3.30	3.05	3.25	5317
2025-11-10 00:00	3.24	3.35	3.13	3.27	13384
2025-11-11 00:00	3.26	3.37	3.05	3.05	12349
2025-11-12 00:00	3.07	3.15	2.89	2.93	17958
2025-11-13 00:00	2.93	3.05	2.77	2.87	17573
2025-11-14 00:00	2.88	2.91	2.75	2.82	2577
2025-11-15 00:00	2.84	2.97	2.82	2.85	1405
2025-11-16 00:00	2.82	2.90	2.69	2.73	6792