2020-08-11 00:00	2.85	3.52	2.84	3.30	1552405
2020-08-12 00:00	3.30	3.93	3.08	3.76	1737067
2020-08-13 00:00	3.75	4.14	3.50	3.73	1685782
2020-08-14 00:00	3.72	3.77	3.32	3.41	1474188
2020-08-15 00:00	3.42	3.74	3.15	3.17	1070259
2020-08-16 00:00	3.17	3.49	3.12	3.39	668130
2020-08-17 00:00	3.39	3.40	3.10	3.11	729435
2020-08-18 00:00	3.11	3.71	2.81	3.34	2713136
2020-08-19 00:00	3.33	3.49	2.80	2.89	1433268
2020-08-20 00:00	2.90	3.45	2.89	3.20	1277850
2020-08-21 00:00	3.20	3.24	2.89	2.93	1131921
2020-08-22 00:00	2.92	3.20	2.74	3.01	1169442
2020-08-23 00:00	3.02	3.40	3.00	3.25	1198059
2020-08-24 00:00	3.27	3.62	3.21	3.34	1315221
2020-08-25 00:00	3.34	3.37	3.00	3.25	1149205
2020-08-26 00:00	3.26	3.80	3.18	3.57	2290051
2020-08-27 00:00	3.56	3.86	3.24	3.45	2412997
2020-08-28 00:00	3.45	4.31	3.45	4.01	2581963
2020-08-29 00:00	4.01	4.11	3.77	3.95	1342868
2020-08-30 00:00	3.95	4.71	3.90	4.43	1815707
2020-08-31 00:00	4.41	4.89	4.10	4.74	1497151
2020-09-01 00:00	4.74	4.95	4.30	4.34	1267593
2020-09-02 00:00	4.32	4.35	3.66	4.17	2002083
2020-09-03 00:00	4.17	4.46	3.48	3.51	3275638
2020-09-04 00:00	3.51	3.83	3.17	3.53	2052223
2020-09-05 00:00	3.53	3.66	2.09	2.61	4426289
2020-09-06 00:00	2.61	3.18	2.26	3.09	2898781
2020-09-07 00:00	3.08	3.20	2.38	2.92	2680106
2020-09-08 00:00	2.92	2.95	2.40	2.47	1626416
2020-09-09 00:00	2.47	3.88	2.38	3.60	6691144
2020-09-10 00:00	3.61	3.88	3.30	3.48	4356914
2020-09-11 00:00	3.47	3.50	3.03	3.40	2227659
2020-09-12 00:00	3.40	3.47	3.15	3.33	1161566
2020-09-13 00:00	3.34	3.47	2.98	3.26	2024802
2020-09-14 00:00	3.27	3.54	3.08	3.26	3351674
2020-09-15 00:00	3.26	3.32	2.90	2.93	1698417
2020-09-16 00:00	2.93	2.93	2.43	2.53	4886792
2020-09-17 00:00	2.54	2.94	2.36	2.88	4635769
2020-09-18 00:00	2.88	3.16	2.73	3.11	4169472
2020-09-19 00:00	3.11	3.25	2.96	3.03	1586244
2020-09-20 00:00	3.02	3.03	2.70	2.86	1456652
2020-09-21 00:00	2.86	3.04	2.47	2.77	3567900
2020-09-22 00:00	2.76	3.01	2.65	2.91	3416810
2020-09-23 00:00	2.92	3.09	2.70	2.85	2762174
2020-09-24 00:00	2.86	3.26	2.78	3.14	2983725
2020-09-25 00:00	3.14	3.28	2.90	3.19	2447869
2020-09-26 00:00	3.19	3.25	3.03	3.13	1357042
2020-09-27 00:00	3.13	3.19	2.98	3.16	983839
2020-09-28 00:00	3.16	3.21	2.91	2.96	1306160
2020-09-29 00:00	2.95	3.03	2.87	2.95	950897
2020-09-30 00:00	2.94	2.98	2.82	2.90	722779
2020-10-01 00:00	2.90	2.99	2.65	2.87	1373085
2020-10-02 00:00	2.87	2.89	2.42	2.62	2788519
2020-10-03 00:00	2.62	2.67	2.54	2.54	547048
2020-10-04 00:00	2.54	2.59	2.42	2.52	765421
2020-10-05 00:00	2.52	2.68	2.46	2.65	912613
2020-10-06 00:00	2.65	2.66	2.13	2.17	1784048
2020-10-07 00:00	2.17	2.41	2.08	2.30	2087977
2020-10-08 00:00	2.30	2.46	2.01	2.36	2759216
2020-10-09 00:00	2.37	2.63	2.30	2.53	1878551
2020-10-10 00:00	2.53	2.61	2.39	2.40	1278964
2020-10-11 00:00	2.40	2.46	2.34	2.42	898788
2020-10-12 00:00	2.42	2.70	2.41	2.58	2155410
2020-10-13 00:00	2.58	2.59	2.34	2.41	1951054
2020-10-14 00:00	2.41	2.44	2.23	2.31	1125412
2020-10-15 00:00	2.31	2.35	2.19	2.27	754933
2020-10-16 00:00	2.26	2.27	2.11	2.14	1546675
2020-10-17 00:00	2.14	2.25	2.11	2.21	482272
2020-10-18 00:00	2.20	2.26	2.18	2.22	478947
2020-10-19 00:00	2.21	2.21	2.05	2.06	909242
2020-10-20 00:00	2.06	2.11	1.84	1.89	1933189
2020-10-21 00:00	1.89	2.11	1.84	1.89	3222748
2020-10-22 00:00	1.89	2.09	1.85	1.96	1624800
2020-10-23 00:00	1.96	1.99	1.85	1.96	1560014
2020-10-24 00:00	1.97	1.97	1.88	1.91	748118
2020-10-25 00:00	1.92	1.92	1.76	1.79	1365892
2020-10-26 00:00	1.79	1.87	1.61	1.68	2021897
2020-10-27 00:00	1.68	1.75	1.59	1.71	2591117
2020-10-28 00:00	1.71	1.73	1.45	1.52	3354644
2020-10-29 00:00	1.52	1.58	1.41	1.43	1233652
2020-10-30 00:00	1.43	1.47	1.32	1.44	1401653
2020-10-31 00:00	1.44	1.56	1.43	1.55	852016
2020-11-01 00:00	1.55	1.65	1.51	1.61	960683
2020-11-02 00:00	1.61	1.64	1.46	1.47	867762
2020-11-03 00:00	1.47	1.48	1.41	1.41	983189
2020-11-04 00:00	1.41	1.41	1.27	1.39	2560548
2020-11-05 00:00	1.39	1.49	1.30	1.40	1598517
2020-11-06 00:00	1.40	1.95	1.39	1.90	3846569
2020-11-07 00:00	1.91	2.50	1.83	2.02	8862635
2020-11-08 00:00	2.03	2.28	1.96	2.16	4800369
2020-11-09 00:00	2.15	2.20	1.95	2.03	3050469
2020-11-10 00:00	2.04	2.33	2.01	2.27	2119445
2020-11-11 00:00	2.27	2.30	1.97	2.00	1863711
2020-11-12 00:00	2.00	2.06	1.83	1.91	1522336
2020-11-13 00:00	1.91	2.08	1.90	2.01	1595706
2020-11-14 00:00	2.02	2.04	1.87	1.92	1191873
2020-11-15 00:00	1.92	2.22	1.91	2.04	3348207
2020-11-16 00:00	2.04	2.37	1.99	2.26	3192049
2020-11-17 00:00	2.27	2.33	2.13	2.20	2311143
2020-11-18 00:00	2.20	2.22	2.00	2.12	2054400
2020-11-19 00:00	2.11	2.18	2.01	2.09	1391885
2020-11-20 00:00	2.08	2.24	2.05	2.10	1589441
2020-11-21 00:00	2.10	2.51	2.04	2.38	2963511
2020-11-22 00:00	2.38	2.42	2.04	2.15	2448151
2020-11-23 00:00	2.16	2.36	2.11	2.28	2094184
2020-11-24 00:00	2.28	2.47	2.13	2.28	3534821
2020-11-25 00:00	2.28	2.49	2.17	2.27	3597709
2020-11-26 00:00	2.27	2.31	1.72	1.91	6803300
2020-11-27 00:00	1.91	2.04	1.77	1.86	1802263
2020-11-28 00:00	1.86	1.94	1.80	1.89	1381411
2020-11-29 00:00	1.89	1.95	1.85	1.92	862731
2020-11-30 00:00	1.92	2.02	1.90	1.97	1094640
2020-12-01 00:00	1.96	2.14	1.92	1.97	2102936
2020-12-02 00:00	1.97	2.21	1.93	2.12	2203771
2020-12-03 00:00	2.12	2.23	2.07	2.10	3182390
2020-12-04 00:00	2.10	2.11	1.84	1.85	1424967
2020-12-05 00:00	1.85	1.98	1.82	1.98	1088023
2020-12-06 00:00	1.98	1.99	1.80	1.85	1125758
2020-12-07 00:00	1.85	1.90	1.81	1.83	962768
2020-12-08 00:00	1.83	1.83	1.62	1.66	2296690
2020-12-09 00:00	1.66	1.68	1.50	1.66	2093523
2020-12-10 00:00	1.66	1.67	1.54	1.57	1061449
2020-12-11 00:00	1.57	1.58	1.43	1.44	1429104
2020-12-12 00:00	1.44	1.54	1.44	1.49	1423664
2020-12-13 00:00	1.49	1.70	1.46	1.57	1749559
2020-12-14 00:00	1.57	1.63	1.52	1.59	1503595
2020-12-15 00:00	1.59	1.80	1.59	1.76	3562093
2020-12-16 00:00	1.76	1.79	1.60	1.78	3098136
2020-12-17 00:00	1.78	1.81	1.64	1.68	2528085
2020-12-18 00:00	1.68	1.71	1.63	1.70	1127246
2020-12-19 00:00	1.70	1.77	1.66	1.67	1332129
2020-12-20 00:00	1.67	1.69	1.52	1.56	1368302
2020-12-21 00:00	1.56	1.62	1.49	1.53	1255366
2020-12-22 00:00	1.54	1.58	1.47	1.49	2035487
2020-12-23 00:00	1.49	1.51	1.03	1.20	4351584
2020-12-24 00:00	1.20	1.39	1.17	1.36	1784990
2020-12-25 00:00	1.36	1.46	1.34	1.45	1391358
2020-12-26 00:00	1.45	1.45	1.31	1.33	912213
2020-12-27 00:00	1.32	1.42	1.26	1.30	2170923
2020-12-28 00:00	1.30	1.52	1.29	1.52	2158644
2020-12-29 00:00	1.52	1.74	1.44	1.67	4870129
2020-12-30 00:00	1.67	1.69	1.52	1.54	2171324
2020-12-31 00:00	1.53	1.55	1.42	1.51	2169651
2021-01-01 00:00	1.51	1.86	1.50	1.84	4422017
2021-01-02 00:00	1.84	2.00	1.71	1.80	5253845
2021-01-03 00:00	1.80	2.38	1.80	2.18	8318366
2021-01-04 00:00	2.18	2.50	1.86	2.49	7800838
2021-01-05 00:00	2.49	2.51	2.06	2.16	6702032
2021-01-06 00:00	2.16	2.19	1.90	1.94	8451559
2021-01-07 00:00	1.94	2.65	1.92	2.36	30861029
2021-01-08 00:00	2.37	3.80	2.17	3.22	29866420
2021-01-09 00:00	3.21	3.70	2.93	3.38	9881213
2021-01-10 00:00	3.37	3.75	3.16	3.45	5819836
2021-01-11 00:00	3.45	3.53	2.58	3.10	8734286
2021-01-12 00:00	3.10	3.88	3.06	3.64	7075931
2021-01-13 00:00	3.64	3.64	3.26	3.52	5123680
2021-01-14 00:00	3.52	3.60	3.18	3.29	6422137
2021-01-15 00:00	3.29	3.45	2.96	3.25	4812566
2021-01-16 00:00	3.25	3.71	3.25	3.42	8562570
2021-01-17 00:00	3.43	3.99	3.30	3.83	8531925
2021-01-18 00:00	3.82	4.17	3.62	3.79	6226949
2021-01-19 00:00	3.79	4.05	3.60	3.63	4768744
2021-01-20 00:00	3.63	3.74	3.34	3.72	4801665
2021-01-21 00:00	3.72	3.74	2.97	2.99	4385864
2021-01-22 00:00	2.99	3.50	2.53	3.34	6481526
2021-01-23 00:00	3.33	3.60	3.31	3.51	2269476
2021-01-24 00:00	3.50	3.79	3.48	3.63	2457783
2021-01-25 00:00	3.63	3.99	3.44	3.70	6791569
2021-01-26 00:00	3.70	4.10	3.65	4.04	6618325
2021-01-27 00:00	4.04	4.04	3.51	3.68	2491780
2021-01-28 00:00	3.66	3.96	3.60	3.81	2055450
2021-01-29 00:00	3.81	3.91	3.60	3.83	2992195
2021-01-30 00:00	3.83	4.32	3.77	4.23	3944681
2021-01-31 00:00	4.23	4.81	4.15	4.25	5438895
2021-02-01 00:00	4.26	4.62	4.11	4.61	2097078
2021-02-02 00:00	4.61	5.40	4.46	5.23	5278949
2021-02-03 00:00	5.24	5.78	5.05	5.73	3977482
2021-02-04 00:00	5.73	6.54	5.57	6.41	5609406
2021-02-05 00:00	6.42	7.14	6.41	6.70	4235549
2021-02-06 00:00	6.70	6.82	5.70	6.12	5040233
2021-02-07 00:00	6.12	6.88	5.75	6.70	5111086
2021-02-08 00:00	6.69	8.08	6.46	7.86	6719174
2021-02-09 00:00	7.87	8.49	7.55	7.80	4803512
2021-02-10 00:00	7.80	9.09	7.26	9.09	4419444
2021-02-11 00:00	9.09	9.74	8.72	9.20	5694903
2021-02-12 00:00	9.21	9.93	9.04	9.20	2867284
2021-02-13 00:00	9.20	9.51	8.66	8.74	3487502
2021-02-14 00:00	8.74	9.23	8.53	8.72	2889973
2021-02-15 00:00	8.72	9.38	7.70	8.85	3424918
2021-02-16 00:00	8.87	9.00	7.96	8.30	2257240
2021-02-17 00:00	8.30	8.45	7.52	8.24	3331670
2021-02-18 00:00	8.24	9.32	8.23	8.98	2479879
2021-02-19 00:00	8.99	11.85	8.53	11.49	7106346
2021-02-20 00:00	11.48	11.83	9.75	9.99	4731348
2021-02-21 00:00	9.98	11.67	9.81	11.08	3694287
2021-02-22 00:00	11.07	14.80	9.10	14.42	14711694
2021-02-23 00:00	14.42	15.89	11.47	15.22	24306346
2021-02-24 00:00	15.24	18.21	14.79	17.17	10777566
2021-02-25 00:00	17.17	17.69	13.66	13.84	9520398
2021-02-26 00:00	13.86	15.51	13.10	13.60	8029536
2021-02-27 00:00	13.59	14.84	13.01	13.19	6232489
2021-02-28 00:00	13.19	13.77	11.42	13.09	7231369
2021-03-01 00:00	13.08	15.55	13.01	14.99	5511270
2021-03-02 00:00	15.00	15.25	13.35	13.94	4128449
2021-03-03 00:00	13.95	14.74	13.70	14.07	3277353
2021-03-04 00:00	14.09	14.27	12.74	13.05	2764394
2021-03-05 00:00	13.06	13.10	12.13	12.54	2069416
2021-03-06 00:00	12.55	13.31	11.90	13.04	3061697
2021-03-07 00:00	13.04	14.01	12.70	13.82	2999441
2021-03-08 00:00	13.82	13.91	13.00	13.60	2116707
2021-03-09 00:00	13.61	14.99	13.20	14.84	2594515
2021-03-10 00:00	14.85	15.21	14.05	14.20	1943949
2021-03-11 00:00	14.20	16.32	13.67	16.03	4125766
2021-03-12 00:00	16.05	16.50	14.08	14.56	3678414
2021-03-13 00:00	14.55	15.41	13.84	15.30	2632347
2021-03-14 00:00	15.29	15.38	14.34	14.46	1750269
2021-03-15 00:00	14.46	14.82	13.62	14.16	2020972
2021-03-16 00:00	14.16	14.29	13.14	13.64	2501680
2021-03-17 00:00	13.64	14.27	13.03	14.20	1703030
2021-03-18 00:00	14.20	14.75	13.96	14.20	1576698
2021-03-19 00:00	14.22	14.49	13.86	14.16	1461786
2021-03-20 00:00	14.16	14.98	14.09	14.19	1393234
2021-03-21 00:00	14.18	14.36	13.64	14.34	1191872
2021-03-22 00:00	14.34	16.59	14.17	14.80	5103015
2021-03-23 00:00	14.80	15.23	14.01	14.16	2004449
2021-03-24 00:00	14.14	15.37	13.58	13.60	2317367
2021-03-25 00:00	13.58	13.73	12.47	12.98	2292347
2021-03-26 00:00	12.98	14.79	12.30	14.77	2972304
2021-03-27 00:00	14.78	16.80	14.72	16.46	4053919
2021-03-28 00:00	16.45	19.38	16.30	18.06	7200751
2021-03-29 00:00	18.06	19.00	17.64	18.95	3064402
2021-03-30 00:00	18.95	20.87	18.91	19.07	3808381
2021-03-31 00:00	19.06	19.82	18.00	19.39	2784756
2021-04-01 00:00	19.38	20.36	18.74	19.04	2230635
2021-04-02 00:00	19.04	19.80	18.35	19.75	1773324
2021-04-03 00:00	19.75	23.85	19.72	22.50	6266342
2021-04-04 00:00	22.47	25.53	21.99	23.78	5274564
2021-04-05 00:00	23.78	24.78	22.77	22.97	2821238
2021-04-06 00:00	22.99	25.30	21.76	25.05	3326520
2021-04-07 00:00	25.05	27.52	22.91	26.54	7815680
2021-04-08 00:00	26.54	28.00	25.64	26.94	4209578
2021-04-09 00:00	26.93	29.00	26.71	27.62	3037159
2021-04-10 00:00	27.62	28.29	25.90	26.80	2706021
2021-04-11 00:00	26.80	28.65	25.51	27.85	2517705
2021-04-12 00:00	27.86	29.93	26.80	28.54	2842034
2021-04-13 00:00	28.53	28.82	26.26	27.45	2275798
2021-04-14 00:00	27.46	27.56	24.70	26.41	3623986
2021-04-15 00:00	26.42	28.20	25.45	27.78	2146678
2021-04-16 00:00	27.79	28.26	24.85	25.30	2673937
2021-04-17 00:00	25.29	26.79	24.82	24.85	2442759
2021-04-18 00:00	24.85	32.99	21.10	32.34	11699422
2021-04-19 00:00	32.33	36.10	29.81	31.47	12075294
2021-04-20 00:00	31.53	32.80	28.81	31.70	7036123
2021-04-21 00:00	31.69	35.18	30.11	32.55	6573352
2021-04-22 00:00	32.60	41.16	31.46	38.90	14017560
2021-04-23 00:00	38.87	41.74	31.49	37.39	14697851
2021-04-24 00:00	37.30	43.64	34.59	40.84	9722811
2021-04-25 00:00	40.85	48.64	40.57	47.41	11964772
2021-04-26 00:00	47.40	48.50	43.27	43.88	11079192
2021-04-27 00:00	43.88	46.61	42.50	43.15	7101870
2021-04-28 00:00	43.15	46.96	40.52	44.83	7855092
2021-04-29 00:00	44.83	46.23	40.91	42.48	5805403
2021-04-30 00:00	42.45	44.31	41.21	42.79	3302700
2021-05-01 00:00	42.79	49.88	42.00	49.67	5804073
2021-05-02 00:00	49.65	49.99	45.90	46.90	3794432
2021-05-03 00:00	46.93	49.00	44.77	45.91	3686028
2021-05-04 00:00	45.94	47.81	42.26	42.64	4180580
2021-05-05 00:00	42.64	46.00	42.31	44.98	2772844
2021-05-06 00:00	44.97	44.98	42.55	43.50	2337285
2021-05-07 00:00	43.50	46.24	41.42	43.18	3259669
2021-05-08 00:00	43.15	46.65	42.28	45.61	2539119
2021-05-09 00:00	45.63	47.15	42.60	44.33	3095041
2021-05-10 00:00	44.33	45.89	39.00	42.85	2869573
2021-05-11 00:00	42.87	45.18	39.70	44.54	2758434
2021-05-12 00:00	44.58	49.24	42.18	43.71	7592783
2021-05-13 00:00	43.39	45.50	37.43	41.05	7162673
2021-05-14 00:00	41.05	44.90	39.90	42.70	3421862
2021-05-15 00:00	42.70	45.50	39.31	43.49	3357130
2021-05-16 00:00	43.46	52.60	41.60	46.85	13162889
2021-05-17 00:00	46.85	51.99	43.01	46.71	13839099
2021-05-18 00:00	46.75	58.38	46.05	55.98	12538570
2021-05-19 00:00	55.97	57.69	26.50	34.99	22259992
2021-05-20 00:00	34.99	53.00	32.00	44.42	17869834
2021-05-21 00:00	44.37	47.70	33.67	38.92	13740726
2021-05-22 00:00	38.92	40.00	31.13	31.22	10122123
2021-05-23 00:00	31.22	32.40	19.12	24.54	25787177
2021-05-24 00:00	24.53	32.19	24.50	31.42	15414327
2021-05-25 00:00	31.42	33.20	25.92	29.97	10300958
2021-05-26 00:00	29.99	37.25	28.86	35.43	10601367
2021-05-27 00:00	35.43	35.59	30.98	33.75	5698877
2021-05-28 00:00	33.76	34.55	28.00	28.99	6370751
2021-05-29 00:00	28.99	30.07	25.70	27.39	3911574
2021-05-30 00:00	27.41	29.78	25.59	28.59	3964265
2021-05-31 00:00	28.57	33.01	27.49	32.75	5173312
2021-06-01 00:00	32.76	33.28	29.85	30.94	4046888
2021-06-02 00:00	30.93	35.13	30.40	33.99	4549314
2021-06-03 00:00	33.99	41.52	33.74	39.60	7862248
2021-06-04 00:00	39.60	39.74	34.19	37.34	8825839
2021-06-05 00:00	37.36	42.79	36.98	39.63	8654846
2021-06-06 00:00	39.66	43.40	38.91	42.21	6151685
2021-06-07 00:00	42.20	44.20	37.80	38.24	8050055
2021-06-08 00:00	38.20	42.60	33.60	41.25	16902567
2021-06-09 00:00	41.25	44.00	39.29	42.03	10764274
2021-06-10 00:00	42.03	43.10	39.46	41.11	5155132
2021-06-11 00:00	41.09	41.38	35.07	36.16	4761016
2021-06-12 00:00	36.13	37.64	34.10	36.48	5196265
2021-06-13 00:00	36.49	39.44	34.72	38.71	4063356
2021-06-14 00:00	38.71	40.56	36.63	39.69	4590169
2021-06-15 00:00	39.70	41.74	39.15	39.54	3726026
2021-06-16 00:00	39.51	41.75	37.46	39.73	5055358
2021-06-17 00:00	39.73	41.26	38.21	39.27	3274646
2021-06-18 00:00	39.26	39.50	34.90	36.82	3777167
2021-06-19 00:00	36.80	37.32	34.90	35.19	2216660
2021-06-20 00:00	35.20	35.95	31.30	35.26	3938845
2021-06-21 00:00	35.25	35.50	25.93	26.59	8213940
2021-06-22 00:00	26.60	28.81	20.19	26.96	15788850
2021-06-23 00:00	26.96	32.90	25.63	30.84	11966334
2021-06-24 00:00	30.84	33.00	28.48	31.14	7214118
2021-06-25 00:00	31.14	32.99	27.95	28.64	7293171
2021-06-26 00:00	28.62	30.18	26.66	29.70	6493005
2021-06-27 00:00	29.69	31.95	29.19	31.90	5851237
2021-06-28 00:00	31.88	34.34	30.96	33.00	4996751
2021-06-29 00:00	33.02	35.84	32.67	33.97	4476309
2021-06-30 00:00	33.97	36.00	31.56	35.51	5361447
2021-07-01 00:00	35.51	35.57	32.17	33.27	4488948
2021-07-02 00:00	33.27	34.22	31.37	34.00	4324221
2021-07-03 00:00	34.00	35.41	33.22	34.50	3063430
2021-07-04 00:00	34.50	35.53	33.53	34.28	2972239
2021-07-05 00:00	34.28	34.49	32.37	32.91	3009011
2021-07-06 00:00	32.91	35.04	32.88	34.23	3289721
2021-07-07 00:00	34.22	38.10	33.82	36.67	4609279
2021-07-08 00:00	36.67	36.93	32.65	33.14	4495049
2021-07-09 00:00	33.13	34.46	31.98	33.32	2810285
2021-07-10 00:00	33.32	34.22	31.03	31.69	2838095
2021-07-11 00:00	31.72	32.57	31.30	32.18	1944842
2021-07-12 00:00	32.17	32.70	30.01	30.77	2251265
2021-07-13 00:00	30.77	31.10	28.81	29.14	1837156
2021-07-14 00:00	29.15	31.50	27.36	31.37	3434210
2021-07-15 00:00	31.37	31.49	27.98	28.55	3643033
2021-07-16 00:00	28.56	29.48	26.20	26.27	2923598
2021-07-17 00:00	26.27	27.84	25.98	26.80	2122411
2021-07-18 00:00	26.79	27.76	26.23	26.67	1727623
2021-07-19 00:00	26.68	26.71	23.98	24.51	3131202
2021-07-20 00:00	24.52	24.98	22.10	23.47	3555452
2021-07-21 00:00	23.48	27.46	22.80	26.70	4562016
2021-07-22 00:00	26.71	28.17	25.91	27.70	2643809
2021-07-23 00:00	27.70	28.71	26.39	28.52	3040545
2021-07-24 00:00	28.53	29.55	28.01	28.62	2678136
2021-07-25 00:00	28.63	28.90	26.50	28.25	2351017
2021-07-26 00:00	28.25	31.12	27.83	28.18	6221716
2021-07-27 00:00	28.18	28.95	26.89	28.10	3008398
2021-07-28 00:00	28.12	28.76	27.35	27.88	2329927
2021-07-29 00:00	27.89	31.89	27.32	31.24	3692072
2021-07-30 00:00	31.24	33.08	29.91	32.35	4970684
2021-07-31 00:00	32.35	37.00	31.65	36.74	4320170
2021-08-01 00:00	36.74	36.82	33.17	34.17	3491000
2021-08-02 00:00	34.18	35.95	33.00	33.17	3105906
2021-08-03 00:00	33.18	35.90	32.33	34.10	3490216
2021-08-04 00:00	34.09	36.66	33.24	35.76	2847862
2021-08-05 00:00	35.76	38.27	35.50	37.35	4059395
2021-08-06 00:00	37.35	40.40	35.61	39.53	3951340
2021-08-07 00:00	39.50	40.50	37.50	39.47	3561788
2021-08-08 00:00	39.45	39.55	36.90	37.65	2030563
2021-08-09 00:00	37.65	40.00	36.35	38.65	2128220
2021-08-10 00:00	38.65	41.68	38.18	40.64	2603218
2021-08-11 00:00	40.64	43.73	40.60	41.62	2512276
2021-08-12 00:00	41.62	43.40	39.32	41.10	2413690
2021-08-13 00:00	41.11	44.91	40.67	44.83	2281362
2021-08-14 00:00	44.86	44.87	42.73	44.14	1548843
2021-08-15 00:00	44.12	54.80	43.36	53.53	6264307
2021-08-16 00:00	53.52	69.13	52.27	62.02	15014390
2021-08-17 00:00	62.04	75.16	58.82	64.12	14953847
2021-08-18 00:00	64.14	80.50	59.72	72.66	15022156
2021-08-19 00:00	72.66	75.44	68.24	72.76	7819244
2021-08-20 00:00	72.80	80.00	70.87	78.64	5705100
2021-08-21 00:00	78.68	82.00	72.60	73.80	5131824
2021-08-22 00:00	73.85	77.60	71.24	72.78	2862210
2021-08-23 00:00	72.75	76.81	71.55	75.62	4150807
2021-08-24 00:00	75.65	79.45	68.50	70.53	6792656
2021-08-25 00:00	70.52	72.83	66.03	71.97	5069086
2021-08-26 00:00	71.98	78.30	66.20	74.92	6563693
2021-08-27 00:00	74.92	88.92	72.55	87.98	8785659
2021-08-28 00:00	87.98	97.82	85.59	96.22	5774394
2021-08-29 00:00	96.17	97.82	90.30	94.23	4171884
2021-08-30 00:00	94.23	116.84	93.58	110.25	11109566
2021-08-31 00:00	110.26	130.11	103.06	108.27	16509590
2021-09-01 00:00	108.27	119.72	105.89	110.71	8028326
2021-09-02 00:00	110.71	131.96	109.18	128.23	9206880
2021-09-03 00:00	128.20	148.99	128.12	146.40	11927087
2021-09-04 00:00	146.36	150.60	135.73	138.88	6134086
2021-09-05 00:00	138.88	144.99	134.74	142.00	4619909
2021-09-06 00:00	141.98	166.13	136.92	164.22	8435567
2021-09-07 00:00	164.19	195.48	128.01	173.46	24376514
2021-09-08 00:00	173.49	198.00	146.50	191.02	16666868
2021-09-09 00:00	191.02	216.00	180.70	187.90	16349700
2021-09-10 00:00	187.89	197.41	167.82	179.60	9055434
2021-09-11 00:00	179.60	193.51	175.14	179.04	6794684
2021-09-12 00:00	179.05	181.75	170.15	174.29	3661235
2021-09-13 00:00	174.31	175.00	150.30	169.53	8423864
2021-09-14 00:00	169.54	171.83	142.60	158.88	7981418
2021-09-15 00:00	158.72	166.50	153.69	158.79	6107343
2021-09-16 00:00	158.77	163.50	147.35	152.29	4739617
2021-09-17 00:00	152.30	153.55	134.00	147.58	7629946
2021-09-18 00:00	147.59	171.47	144.10	169.22	8229825
2021-09-19 00:00	169.22	170.96	150.60	152.76	4945822
2021-09-20 00:00	152.78	153.43	130.26	132.77	10153395
2021-09-21 00:00	132.77	144.64	116.00	124.29	9608891
2021-09-22 00:00	124.30	151.36	122.10	148.02	7460622
2021-09-23 00:00	148.02	152.50	142.92	149.91	5188957
2021-09-24 00:00	149.90	151.20	128.15	139.13	6710424
2021-09-25 00:00	139.11	144.18	133.54	136.06	3212759
2021-09-26 00:00	136.05	140.81	124.80	135.64	4342179
2021-09-27 00:00	135.70	148.92	133.72	136.35	5195647
2021-09-28 00:00	136.34	139.40	128.17	132.20	3899969
2021-09-29 00:00	132.22	140.17	131.12	135.25	3685521
2021-09-30 00:00	135.24	142.95	134.02	141.37	3361483
2021-10-01 00:00	141.38	164.95	138.25	161.56	6742188
2021-10-02 00:00	161.62	175.00	156.06	168.98	5060010
2021-10-03 00:00	169.00	177.79	165.58	172.98	4233795
2021-10-04 00:00	172.99	173.34	162.00	167.13	4312523
2021-10-05 00:00	167.13	170.18	159.68	164.62	3378466
2021-10-06 00:00	164.64	165.42	150.10	153.87	4499184
2021-10-07 00:00	153.90	161.42	150.34	154.26	3251402
2021-10-08 00:00	154.26	168.97	152.39	158.86	3735109
2021-10-09 00:00	158.88	161.54	154.18	156.84	1833336
2021-10-10 00:00	156.80	158.50	145.55	147.55	2037919
2021-10-11 00:00	147.56	154.00	140.24	144.77	2211347
2021-10-12 00:00	144.79	153.50	137.61	152.32	3377505
2021-10-13 00:00	152.35	155.56	144.28	148.04	2760567
2021-10-14 00:00	148.05	155.65	147.27	150.02	2654624
2021-10-15 00:00	150.01	165.75	146.68	163.18	5388633
2021-10-16 00:00	163.15	164.80	156.36	157.54	1985263
2021-10-17 00:00	157.54	167.65	153.13	160.12	3070446
2021-10-18 00:00	160.11	162.98	154.91	157.12	2240630
2021-10-19 00:00	157.12	159.45	153.06	155.78	1821576
2021-10-20 00:00	155.77	176.87	155.00	176.72	3884398
2021-10-21 00:00	176.72	194.21	176.70	190.50	7853739
2021-10-22 00:00	190.46	215.10	187.96	196.29	8364262
2021-10-23 00:00	196.29	205.78	191.86	197.75	3274724
2021-10-24 00:00	197.75	204.86	185.22	202.14	3573983
2021-10-25 00:00	202.15	218.93	198.00	209.70	4914501
2021-10-26 00:00	209.73	214.20	196.36	199.85	3168733
2021-10-27 00:00	199.87	205.49	176.94	184.49	5003652
2021-10-28 00:00	184.45	201.38	181.64	195.42	3503802
2021-10-29 00:00	195.37	205.22	194.45	200.41	2484240
2021-10-30 00:00	200.36	200.62	187.30	195.70	1609598
2021-10-31 00:00	195.69	205.00	185.31	202.49	2375781
2021-11-01 00:00	202.53	211.66	197.70	203.90	3150099
2021-11-02 00:00	203.91	222.22	200.97	220.82	2876729
2021-11-03 00:00	220.81	247.00	215.69	243.37	5253738
2021-11-04 00:00	243.37	250.50	234.00	247.07	3552671
2021-11-05 00:00	247.06	248.84	230.34	236.06	2233822
2021-11-06 00:00	236.04	259.90	234.79	258.44	3046084
2021-11-07 00:00	258.41	258.66	245.65	249.68	1923117
2021-11-08 00:00	249.62	253.30	240.68	248.26	2301377
2021-11-09 00:00	248.27	253.22	237.62	239.04	2217115
2021-11-10 00:00	239.06	248.00	217.50	233.09	3092501
2021-11-11 00:00	233.06	246.50	229.40	233.37	1998016
2021-11-12 00:00	233.34	239.09	220.83	228.48	2114745
2021-11-13 00:00	228.46	241.97	224.79	241.59	1458411
2021-11-14 00:00	241.58	242.00	230.40	238.64	1075169
2021-11-15 00:00	238.63	246.36	234.49	238.20	1921153
2021-11-16 00:00	238.18	238.21	213.81	219.04	2557646
2021-11-17 00:00	219.09	222.44	209.53	218.94	2094813
2021-11-18 00:00	218.90	222.78	186.50	195.01	3077824
2021-11-19 00:00	195.19	219.59	188.99	215.25	2712610
2021-11-20 00:00	215.25	221.17	205.84	217.63	1560571
2021-11-21 00:00	217.64	240.00	210.53	230.51	1888304
2021-11-22 00:00	230.56	231.99	211.60	215.59	2456729
2021-11-23 00:00	215.58	226.08	210.91	221.75	1654044
2021-11-24 00:00	221.76	222.47	200.14	205.70	1878197
2021-11-25 00:00	205.76	216.35	201.93	209.97	1764861
2021-11-26 00:00	209.94	210.53	182.70	192.42	2776130
2021-11-27 00:00	192.37	199.39	190.61	192.74	1028978
2021-11-28 00:00	192.74	202.10	180.93	200.69	1561004
2021-11-29 00:00	200.71	212.75	199.63	204.09	1458789
2021-11-30 00:00	204.10	218.28	199.55	208.53	2176753
2021-12-01 00:00	208.52	232.63	207.89	229.81	2589502
2021-12-02 00:00	229.81	243.12	220.00	233.60	3042732
2021-12-03 00:00	233.59	239.37	204.68	211.65	2867156
2021-12-04 00:00	211.65	212.62	169.00	200.67	4895779
2021-12-05 00:00	200.68	204.51	181.44	196.43	2482320
2021-12-06 00:00	196.49	197.71	176.17	193.56	2815267
2021-12-07 00:00	193.57	204.10	187.26	190.19	1939732
2021-12-08 00:00	190.24	196.27	183.50	194.61	1670704
2021-12-09 00:00	194.61	196.60	178.64	181.11	1664959
2021-12-10 00:00	181.08	184.60	167.00	167.39	1862929
2021-12-11 00:00	167.39	173.80	161.33	172.15	1541679
2021-12-12 00:00	172.15	176.85	167.64	172.80	977011
2021-12-13 00:00	172.83	172.83	148.04	155.21	2470940
2021-12-14 00:00	155.20	163.35	149.60	161.26	2152107
2021-12-15 00:00	161.25	182.64	156.81	178.52	3329250
2021-12-16 00:00	178.53	189.00	174.37	176.86	2483594
2021-12-17 00:00	176.89	182.50	167.88	175.51	2309340
2021-12-18 00:00	175.48	184.24	170.96	182.78	1219180
2021-12-19 00:00	182.78	189.43	177.99	179.93	1218587
2021-12-20 00:00	179.90	181.18	168.49	173.90	1448906
2021-12-21 00:00	173.90	182.54	170.27	179.63	1303494
2021-12-22 00:00	179.62	187.55	177.05	178.40	1380350
2021-12-23 00:00	178.38	193.50	175.64	190.03	1727628
2021-12-24 00:00	190.08	197.55	184.14	190.36	1658171
2021-12-25 00:00	190.37	195.00	189.08	193.10	1047856
2021-12-26 00:00	193.03	200.59	190.22	197.81	1540245
2021-12-27 00:00	197.85	204.75	194.71	195.67	1219228
2021-12-28 00:00	195.68	195.68	176.20	177.32	1997960
2021-12-29 00:00	177.28	180.62	170.01	170.63	1541310
2021-12-30 00:00	170.65	175.74	168.17	172.52	1023402
2021-12-31 00:00	172.53	177.65	167.67	169.99	1027233
2022-01-01 00:00	170.01	179.20	169.93	179.06	635302
2022-01-02 00:00	179.06	179.53	174.31	176.35	620799
2022-01-03 00:00	176.34	176.49	166.59	170.15	1032028
2022-01-04 00:00	170.14	173.93	166.47	167.72	1042057
2022-01-05 00:00	167.74	171.32	144.92	154.52	1660571
2022-01-06 00:00	154.48	154.80	145.98	150.26	1575781
2022-01-07 00:00	150.28	150.72	133.08	136.45	2720112
2022-01-08 00:00	136.43	148.11	133.00	142.14	2696132
2022-01-09 00:00	142.10	145.71	137.83	140.82	1435857
2022-01-10 00:00	140.82	143.86	130.00	135.86	1895222
2022-01-11 00:00	135.84	143.50	133.58	140.20	1329287
2022-01-12 00:00	140.19	153.39	138.22	151.51	1947497
2022-01-13 00:00	151.50	157.80	145.41	146.14	1984845
2022-01-14 00:00	146.13	150.56	141.84	146.17	1428873
2022-01-15 00:00	146.18	149.49	143.90	147.64	865711
2022-01-16 00:00	147.61	151.96	146.09	147.98	964986
2022-01-17 00:00	147.98	148.29	137.02	139.80	1298386
2022-01-18 00:00	139.81	142.77	134.39	141.22	1255054
2022-01-19 00:00	141.32	142.70	132.77	135.25	1175892
2022-01-20 00:00	135.23	143.83	126.01	127.54	1465304
2022-01-21 00:00	127.54	128.73	106.11	112.27	4523728
2022-01-22 00:00	112.24	114.89	87.73	94.54	6456313
2022-01-23 00:00	94.57	104.82	93.25	99.78	3562465
2022-01-24 00:00	99.74	99.83	80.83	91.93	6990750
2022-01-25 00:00	91.94	99.95	87.41	94.67	3483411
2022-01-26 00:00	94.65	104.43	89.19	92.12	4502050
2022-01-27 00:00	92.11	94.60	85.71	89.51	3530727
2022-01-28 00:00	89.51	93.55	87.21	91.34	2648043
2022-01-29 00:00	91.35	98.93	90.50	96.13	2051593
2022-01-30 00:00	96.15	97.60	91.38	93.29	1258756
2022-01-31 00:00	93.26	101.40	89.18	99.49	2414806
2022-02-01 00:00	99.50	113.66	99.02	110.02	4191220
2022-02-02 00:00	109.99	112.35	96.99	101.88	4864084
2022-02-03 00:00	101.91	103.13	94.00	101.77	3887264
2022-02-04 00:00	101.83	112.81	100.28	112.62	4187095
2022-02-05 00:00	112.63	118.60	110.22	113.75	2649054
2022-02-06 00:00	113.74	116.06	111.09	115.28	1562510
2022-02-07 00:00	115.26	121.93	112.69	117.55	2731401
2022-02-08 00:00	117.57	120.36	109.66	113.45	2812200
2022-02-09 00:00	113.44	117.08	109.40	113.93	2115133
2022-02-10 00:00	113.96	115.38	105.68	106.17	2782279
2022-02-11 00:00	106.18	108.14	95.14	96.53	2537928
2022-02-12 00:00	96.53	99.79	92.80	95.96	1804639
2022-02-13 00:00	95.98	97.36	91.35	92.85	1216790
2022-02-14 00:00	92.85	97.99	90.72	96.37	1793447
2022-02-15 00:00	96.39	105.77	96.38	105.52	2362936
2022-02-16 00:00	105.52	105.60	98.27	101.86	2123858
2022-02-17 00:00	101.85	102.82	92.33	93.52	2001780
2022-02-18 00:00	93.55	96.37	89.31	89.86	2010792
2022-02-19 00:00	89.86	92.75	88.60	91.27	1286307
2022-02-20 00:00	91.27	94.50	85.56	90.72	2560194
2022-02-21 00:00	90.70	96.14	82.62	82.96	4063791
2022-02-22 00:00	82.95	87.56	81.06	86.38	2836271
2022-02-23 00:00	86.39	93.40	84.38	84.59	3193856
2022-02-24 00:00	84.58	93.90	75.35	89.36	7498938
2022-02-25 00:00	89.35	95.00	86.86	92.71	3692594
2022-02-26 00:00	92.73	95.49	89.23	90.23	2280305
2022-02-27 00:00	90.25	92.19	84.08	85.63	2594262
2022-02-28 00:00	85.61	103.00	84.17	99.68	4212794
2022-03-01 00:00	99.67	102.03	94.21	98.66	3666045
2022-03-02 00:00	98.65	106.43	96.76	100.68	4307027
2022-03-03 00:00	100.69	101.70	94.00	95.62	2596278
2022-03-04 00:00	95.63	95.94	87.00	88.32	2855679
2022-03-05 00:00	88.33	91.22	86.00	89.63	1496244
2022-03-06 00:00	89.61	89.96	84.09	84.57	1828963
2022-03-07 00:00	84.58	86.71	79.92	81.66	3231699
2022-03-08 00:00	81.65	85.04	81.30	82.32	2605250
2022-03-09 00:00	82.32	89.92	81.90	88.06	3355935
2022-03-10 00:00	88.06	88.57	80.63	82.87	2828982
2022-03-11 00:00	82.86	84.29	80.07	80.67	2529044
2022-03-12 00:00	80.67	82.75	80.57	81.38	1362984
2022-03-13 00:00	81.40	83.34	77.65	78.73	2010153
2022-03-14 00:00	78.72	82.29	78.00	81.22	2080489
2022-03-15 00:00	81.23	85.99	78.72	82.84	2124344
2022-03-16 00:00	82.84	87.98	81.53	87.77	2639515
2022-03-17 00:00	87.77	91.00	86.58	87.80	2617148
2022-03-18 00:00	87.80	92.28	84.41	89.80	2936651
2022-03-19 00:00	89.81	94.55	89.25	92.31	2059071
2022-03-20 00:00	92.31	92.55	87.82	88.62	1501164
2022-03-21 00:00	88.62	91.28	86.74	88.59	1985815
2022-03-22 00:00	88.58	93.98	88.00	90.43	2612048
2022-03-23 00:00	90.44	96.36	89.19	94.89	2855537
2022-03-24 00:00	94.88	103.70	93.26	102.32	4777730
2022-03-25 00:00	102.32	104.86	96.95	98.60	3361151
2022-03-26 00:00	98.60	103.40	97.63	101.73	1907038
2022-03-27 00:00	101.73	107.46	98.77	107.04	2351811
2022-03-28 00:00	107.04	113.87	105.22	105.75	4146734
2022-03-29 00:00	105.75	115.70	105.49	111.62	3727980
2022-03-30 00:00	111.62	125.26	107.11	120.82	5251156
2022-03-31 00:00	120.82	129.50	119.95	122.77	5144679
2022-04-01 00:00	122.79	138.40	117.39	134.52	5505788
2022-04-02 00:00	134.53	143.51	131.47	132.49	4194695
2022-04-03 00:00	132.48	141.11	130.52	136.90	2965229
2022-04-04 00:00	136.90	138.29	125.82	132.14	3457633
2022-04-05 00:00	132.14	136.63	126.07	126.87	2834622
2022-04-06 00:00	126.88	127.40	112.10	112.95	4267566
2022-04-07 00:00	112.94	120.00	110.88	118.48	3327038
2022-04-08 00:00	118.47	122.42	108.10	109.92	3329688
2022-04-09 00:00	109.92	113.69	108.28	112.96	1377622
2022-04-10 00:00	112.97	116.09	109.71	111.07	1561431
2022-04-11 00:00	111.06	111.94	98.10	99.67	3332850
2022-04-12 00:00	99.64	109.36	98.31	103.22	3528342
2022-04-13 00:00	103.21	106.04	100.09	104.94	2204909
2022-04-14 00:00	104.92	107.72	98.77	100.77	2711766
2022-04-15 00:00	100.77	102.91	99.55	101.31	1385207
2022-04-16 00:00	101.38	103.50	100.71	102.06	1006922
2022-04-17 00:00	102.06	105.44	99.62	100.15	1510511
2022-04-18 00:00	100.15	102.65	94.62	102.33	2752153
2022-04-19 00:00	102.37	109.00	101.02	108.51	2676072
2022-04-20 00:00	108.51	110.90	104.25	105.59	2768862
2022-04-21 00:00	105.58	110.00	99.86	101.78	2672361
2022-04-22 00:00	101.78	103.55	99.19	100.55	1778333
2022-04-23 00:00	100.55	102.90	98.31	100.63	1082329
2022-04-24 00:00	100.63	102.31	98.55	99.23	1064834
2022-04-25 00:00	99.22	101.59	94.32	100.99	2317941
2022-04-26 00:00	100.98	101.98	94.61	95.70	1898438
2022-04-27 00:00	95.70	100.79	94.89	98.36	1834462
2022-04-28 00:00	98.35	100.55	96.33	98.24	1849852
2022-04-29 00:00	98.23	98.68	92.35	93.96	1736942
2022-04-30 00:00	93.96	94.95	81.91	84.63	1830246
2022-05-01 00:00	84.63	93.12	84.15	89.68	2354624
2022-05-02 00:00	89.67	90.89	85.10	87.50	1916530
2022-05-03 00:00	87.49	88.81	84.66	85.86	1563075
2022-05-04 00:00	85.86	93.06	85.47	92.77	2246801
2022-05-05 00:00	92.77	95.25	81.32	84.52	3312127
2022-05-06 00:00	84.52	84.84	79.98	81.68	2607945
2022-05-07 00:00	81.67	82.33	77.03	78.86	1907456
2022-05-08 00:00	78.86	79.41	73.69	75.38	2737539
2022-05-09 00:00	75.39	77.21	61.70	62.16	5846750
2022-05-10 00:00	62.16	74.03	60.13	66.90	7855762
2022-05-11 00:00	66.90	68.44	43.17	50.90	11626835
2022-05-12 00:00	50.90	54.29	37.37	44.64	13636537
2022-05-13 00:00	44.64	56.99	43.83	48.92	15083711
2022-05-14 00:00	48.93	53.91	45.81	52.43	5100189
2022-05-15 00:00	52.43	59.31	49.63	58.83	3886269
2022-05-16 00:00	58.83	58.83	51.89	53.79	5418930
2022-05-17 00:00	53.80	58.22	53.04	57.02	4346774
2022-05-18 00:00	57.01	57.85	49.38	49.93	4471555
2022-05-19 00:00	49.93	54.09	48.20	52.20	4795029
2022-05-20 00:00	52.20	53.62	47.81	49.43	4812365
2022-05-21 00:00	49.42	51.21	48.43	50.31	1969819
2022-05-22 00:00	50.30	53.20	49.69	52.48	2724426
2022-05-23 00:00	52.48	54.68	48.61	49.17	4202356
2022-05-24 00:00	49.17	50.85	47.10	49.67	3646158
2022-05-25 00:00	49.67	50.55	47.57	47.98	3295634
2022-05-26 00:00	47.97	48.66	41.69	43.44	7026719
2022-05-27 00:00	43.44	43.95	39.93	41.17	7548516
2022-05-28 00:00	41.18	45.08	40.33	44.25	4318222
2022-05-29 00:00	44.24	45.67	41.79	44.98	4629591
2022-05-30 00:00	44.98	48.39	44.27	47.22	5477018
2022-05-31 00:00	47.22	48.24	44.56	45.77	4480231
2022-06-01 00:00	45.78	46.12	39.51	40.11	4779409
2022-06-02 00:00	40.11	41.65	38.13	40.85	5154577
2022-06-03 00:00	40.86	41.54	37.63	38.28	4438039
2022-06-04 00:00	38.28	39.50	35.71	39.00	3736894
2022-06-05 00:00	39.02	40.22	37.85	38.52	3619230
2022-06-06 00:00	38.53	44.87	38.33	42.39	6823955
2022-06-07 00:00	42.39	42.80	37.12	39.31	7678008
2022-06-08 00:00	39.32	40.96	38.28	38.83	3988864
2022-06-09 00:00	38.83	41.97	38.44	39.96	4588047
2022-06-10 00:00	39.96	40.90	36.80	37.17	4365340
2022-06-11 00:00	37.17	37.93	33.17	33.93	4638889
2022-06-12 00:00	33.94	34.50	30.56	30.61	6811456
2022-06-13 00:00	30.60	31.11	26.05	28.60	13337676
2022-06-14 00:00	28.59	32.32	25.86	29.59	11438323
2022-06-15 00:00	29.59	34.86	26.79	34.76	12674158
2022-06-16 00:00	34.75	36.00	29.52	30.12	10419433
2022-06-17 00:00	30.12	32.19	29.26	30.71	6275082
2022-06-18 00:00	30.72	32.06	27.15	32.02	9331344
2022-06-19 00:00	32.01	35.40	28.68	34.19	9253847
2022-06-20 00:00	34.19	36.90	31.73	35.24	8218872
2022-06-21 00:00	35.25	39.19	34.20	36.42	7429801
2022-06-22 00:00	36.42	36.87	33.65	34.12	6495415
2022-06-23 00:00	34.13	38.65	33.91	38.15	7003334
2022-06-24 00:00	38.15	42.92	37.67	41.91	6583749
2022-06-25 00:00	41.91	42.64	39.73	42.22	4294939
2022-06-26 00:00	42.22	42.49	39.14	39.39	4024833
2022-06-27 00:00	39.39	41.25	37.90	38.52	4173643
2022-06-28 00:00	38.50	39.90	35.02	35.35	5582052
2022-06-29 00:00	35.34	36.12	33.10	34.05	5756001
2022-06-30 00:00	34.06	34.20	30.92	33.76	5337823
2022-07-01 00:00	33.76	35.40	31.82	32.84	6156468
2022-07-02 00:00	32.85	34.14	31.87	33.36	2741208
2022-07-03 00:00	33.36	33.77	32.14	33.39	2395283
2022-07-04 00:00	33.40	36.94	32.45	36.71	4065307
2022-07-05 00:00	36.71	36.99	33.03	35.40	6099193
2022-07-06 00:00	35.41	37.65	34.80	37.04	5299251
2022-07-07 00:00	37.04	39.29	36.39	38.46	4092497
2022-07-08 00:00	38.46	39.72	36.46	38.12	5278699
2022-07-09 00:00	38.12	38.95	37.77	38.06	2088778
2022-07-10 00:00	38.06	38.14	36.26	36.71	2182290
2022-07-11 00:00	36.71	36.73	33.24	33.42	2928656
2022-07-12 00:00	33.42	34.61	32.60	32.68	3203696
2022-07-13 00:00	32.69	35.08	31.82	34.94	4798763
2022-07-14 00:00	34.94	37.31	33.58	37.15	5215487
2022-07-15 00:00	37.14	39.10	36.49	37.36	4441362
2022-07-16 00:00	37.36	40.41	36.35	39.58	3945941
2022-07-17 00:00	39.59	41.09	38.29	38.62	3796665
2022-07-18 00:00	38.61	44.07	38.55	43.52	6301004
2022-07-19 00:00	43.52	47.36	42.54	44.87	7877372
2022-07-20 00:00	44.87	46.30	41.24	42.04	6381143
2022-07-21 00:00	42.03	44.24	39.64	43.11	6134823
2022-07-22 00:00	43.10	44.33	40.03	40.54	4496425
2022-07-23 00:00	40.54	41.91	38.60	39.97	3422660
2022-07-24 00:00	39.97	42.10	39.47	40.93	3327940
2022-07-25 00:00	40.93	41.09	36.56	36.65	4238645
2022-07-26 00:00	36.66	36.84	34.67	36.25	4496892
2022-07-27 00:00	36.26	40.55	35.68	40.23	5861373
2022-07-28 00:00	40.23	44.15	39.03	42.91	6755064
2022-07-29 00:00	42.92	44.42	41.13	41.91	4950033
2022-07-30 00:00	41.92	46.65	41.41	43.84	5389189
2022-07-31 00:00	43.84	45.21	42.22	42.35	3288285
2022-08-01 00:00	42.34	43.26	40.57	41.65	3303558
2022-08-02 00:00	41.65	42.45	39.50	39.79	3598949
2022-08-03 00:00	39.78	40.99	37.43	38.54	8392167
2022-08-04 00:00	38.54	39.85	37.96	38.83	4151822
2022-08-05 00:00	38.83	41.33	38.71	40.55	3511406
2022-08-06 00:00	40.55	40.89	39.85	40.07	1601360
2022-08-07 00:00	40.07	41.57	39.21	40.60	1746594
2022-08-08 00:00	40.60	43.71	40.55	42.18	3824446
2022-08-09 00:00	42.17	42.76	39.73	40.33	2833179
2022-08-10 00:00	40.34	42.87	39.15	42.47	4468495
2022-08-11 00:00	42.47	45.32	42.34	42.77	5809587
2022-08-12 00:00	42.78	45.49	42.12	45.48	3377696
2022-08-13 00:00	45.49	48.38	45.27	46.60	4707368
2022-08-14 00:00	46.59	48.06	44.46	44.87	3476892
2022-08-15 00:00	44.86	47.24	42.75	43.72	4145837
2022-08-16 00:00	43.72	44.31	42.53	43.08	3605447
2022-08-17 00:00	43.08	44.75	40.18	40.54	4208056
2022-08-18 00:00	40.54	41.67	39.31	39.52	2840068
2022-08-19 00:00	39.51	39.59	35.25	35.81	6210332
2022-08-20 00:00	35.82	37.27	34.21	35.28	3873796
2022-08-21 00:00	35.28	37.09	34.51	36.47	3185636
2022-08-22 00:00	36.48	36.56	33.73	35.41	3741149
2022-08-23 00:00	35.42	36.11	34.24	35.68	2737372
2022-08-24 00:00	35.69	36.40	34.31	34.89	2589469
2022-08-25 00:00	34.90	36.49	34.87	35.27	2472808
2022-08-26 00:00	35.26	35.79	31.36	31.72	5269428
2022-08-27 00:00	31.72	32.25	30.86	31.53	3026109
2022-08-28 00:00	31.53	32.21	30.19	30.44	2245779
2022-08-29 00:00	30.43	32.64	30.00	32.42	3759615
2022-08-30 00:00	32.42	33.16	30.64	31.47	3467563
2022-08-31 00:00	31.47	32.95	31.18	31.50	2706502
2022-09-01 00:00	31.49	31.79	30.44	31.61	2304880
2022-09-02 00:00	31.61	32.38	30.76	31.23	2327910
2022-09-03 00:00	31.23	31.29	30.80	31.12	774123
2022-09-04 00:00	31.11	32.20	31.02	32.16	1303669
2022-09-05 00:00	32.17	32.50	31.15	32.18	1546010
2022-09-06 00:00	32.17	33.90	30.44	30.88	4663784
2022-09-07 00:00	30.88	32.94	30.31	32.69	2516717
2022-09-08 00:00	32.70	33.98	31.97	33.61	3063087
2022-09-09 00:00	33.62	35.96	33.59	34.67	3749012
2022-09-10 00:00	34.68	35.41	34.27	35.03	1978342
2022-09-11 00:00	35.04	36.00	34.04	34.99	2000646
2022-09-12 00:00	34.99	38.39	34.40	37.44	5187547
2022-09-13 00:00	37.44	39.01	32.93	33.00	6402448
2022-09-14 00:00	33.00	34.35	32.67	34.12	3171202
2022-09-15 00:00	34.12	34.84	32.42	33.07	3697032
2022-09-16 00:00	33.08	33.26	31.50	32.25	2180923
2022-09-17 00:00	32.25	33.89	32.23	33.68	1415605
2022-09-18 00:00	33.69	33.99	30.86	31.10	2299769
2022-09-19 00:00	31.10	33.08	30.50	32.62	3504195
2022-09-20 00:00	32.63	32.88	31.29	31.41	2559514
2022-09-21 00:00	31.42	33.48	30.01	30.65	4546249
2022-09-22 00:00	30.65	32.87	30.59	32.43	2976052
2022-09-23 00:00	32.43	33.98	31.20	33.66	3481795
2022-09-24 00:00	33.67	34.79	33.14	33.38	3103021
2022-09-25 00:00	33.39	34.05	31.87	32.34	1839213
2022-09-26 00:00	32.33	33.95	31.87	33.88	3284837
2022-09-27 00:00	33.89	35.41	32.08	32.69	4411810
2022-09-28 00:00	32.68	33.81	31.65	33.22	3091810
2022-09-29 00:00	33.23	34.42	32.65	33.93	2736085
2022-09-30 00:00	33.94	35.22	32.62	33.25	4265015
2022-10-01 00:00	33.25	33.25	32.34	32.44	1459546
2022-10-02 00:00	32.44	33.00	31.90	32.06	1473541
2022-10-03 00:00	32.06	33.27	31.73	32.89	1891189
2022-10-04 00:00	32.90	34.40	32.84	34.09	1950455
2022-10-05 00:00	34.10	34.37	33.18	34.04	1778261
2022-10-06 00:00	34.04	34.50	33.23	33.36	1800456
2022-10-07 00:00	33.35	33.76	32.43	32.98	1963818
2022-10-08 00:00	32.98	33.08	32.35	32.58	786281
2022-10-09 00:00	32.57	33.14	32.44	32.92	883950
2022-10-10 00:00	32.92	33.46	31.88	31.96	1555382
2022-10-11 00:00	31.95	31.96	30.42	30.80	1924388
2022-10-12 00:00	30.80	31.55	30.67	31.16	1048925
2022-10-13 00:00	31.15	31.21	27.87	30.49	4403369
2022-10-14 00:00	30.48	31.98	29.62	30.00	2384818
2022-10-15 00:00	30.00	30.20	29.42	29.59	1009949
2022-10-16 00:00	29.59	30.53	29.56	30.17	935660
2022-10-17 00:00	30.16	31.29	29.84	31.21	1695148
2022-10-18 00:00	31.22	31.48	29.73	30.15	1967003
2022-10-19 00:00	30.14	30.26	28.61	28.86	1714456
2022-10-20 00:00	28.86	29.47	27.98	28.01	2380003
2022-10-21 00:00	28.01	28.28	26.84	28.10	3209611
2022-10-22 00:00	28.10	28.22	27.48	28.01	1334104
2022-10-23 00:00	28.01	29.44	27.73	29.28	2151517
2022-10-24 00:00	29.28	29.50	28.16	28.30	2526583
2022-10-25 00:00	28.31	32.31	28.05	30.86	4390368
2022-10-26 00:00	30.87	32.17	30.63	31.29	3910416
2022-10-27 00:00	31.29	32.36	30.41	30.58	3609046
2022-10-28 00:00	30.60	32.54	30.11	32.07	3018198
2022-10-29 00:00	32.06	33.84	31.85	32.87	3317371
2022-10-30 00:00	32.87	33.54	31.93	32.94	1963214
2022-10-31 00:00	32.93	34.39	32.20	32.56	3083212
2022-11-01 00:00	32.57	33.39	32.15	32.20	2016444
2022-11-02 00:00	32.20	32.95	30.24	30.80	3424549
2022-11-03 00:00	30.81	32.25	30.61	30.85	2303610
2022-11-04 00:00	30.86	34.20	30.66	33.74	4107483
2022-11-05 00:00	33.73	38.79	33.66	36.90	7466782
2022-11-06 00:00	36.90	37.06	32.31	32.62	4722776
2022-11-07 00:00	32.61	33.13	28.00	29.62	9811659
2022-11-08 00:00	29.62	31.72	19.80	24.38	28157557
2022-11-09 00:00	24.38	24.38	12.37	14.08	34965743
2022-11-10 00:00	14.08	18.87	13.14	17.66	31279007
2022-11-11 00:00	17.65	18.31	15.10	16.45	16953043
2022-11-12 00:00	16.46	16.53	14.47	14.58	6958945
2022-11-13 00:00	14.58	14.74	13.02	13.18	7633117
2022-11-14 00:00	13.18	15.01	12.07	14.00	12412907
2022-11-15 00:00	14.00	15.10	13.82	14.32	7667373
2022-11-16 00:00	14.32	14.64	13.64	14.27	4118116
2022-11-17 00:00	14.27	14.50	12.93	13.65	6589996
2022-11-18 00:00	13.65	13.89	13.00	13.27	2950225
2022-11-19 00:00	13.28	13.28	12.58	12.84	2920845
2022-11-20 00:00	12.84	13.58	12.10	12.27	4790754
2022-11-21 00:00	12.26	12.29	11.27	11.83	4921891
2022-11-22 00:00	11.83	12.50	10.94	12.44	5496077
2022-11-23 00:00	12.43	14.50	12.40	14.36	7873590
2022-11-24 00:00	14.36	14.96	13.84	14.59	4726016
2022-11-25 00:00	14.60	14.61	13.91	14.03	2820224
2022-11-26 00:00	14.03	14.98	13.97	14.17	2912536
2022-11-27 00:00	14.17	14.45	14.05	14.12	2064025
2022-11-28 00:00	14.11	14.17	12.78	13.32	4719389
2022-11-29 00:00	13.33	13.96	13.14	13.34	2606349
2022-11-30 00:00	13.35	14.30	13.24	14.15	1283313
2022-12-01 00:00	14.15	14.18	13.40	13.51	57908
2022-12-02 00:00	13.51	13.82	13.33	13.72	48673
2022-12-03 00:00	13.69	13.75	13.22	13.30	27560
2022-12-04 00:00	13.28	13.75	13.27	13.71	16337
2022-12-05 00:00	13.71	14.16	13.60	13.83	51414
2022-12-06 00:00	13.82	14.38	13.82	14.29	56214
2022-12-07 00:00	14.32	14.33	13.42	13.49	53309
2022-12-08 00:00	13.46	13.76	13.28	13.69	39271
2022-12-09 00:00	13.71	14.02	13.52	13.61	41423
2022-12-10 00:00	13.56	13.74	13.55	13.56	13763
2022-12-11 00:00	13.55	13.79	13.39	13.42	12182
2022-12-12 00:00	13.42	13.49	12.82	13.31	35440
2022-12-13 00:00	13.38	14.15	12.80	13.89	18396
2022-12-14 00:00	13.91	14.95	13.82	14.13	66124
2022-12-15 00:00	14.13	14.51	13.87	13.94	19420
2022-12-16 00:00	14.03	14.14	12.04	12.24	33903
2022-12-17 00:00	12.26	12.55	12.00	12.48	12647
2022-12-18 00:00	12.51	12.59	12.28	12.35	6963
2022-12-19 00:00	12.37	12.59	11.69	11.95	18832
2022-12-20 00:00	11.91	12.47	11.84	12.26	6796
2022-12-21 00:00	12.26	12.26	11.90	12.14	5847
2022-12-22 00:00	12.12	12.17	11.69	11.81	19173
2022-12-23 00:00	11.81	12.10	11.71	11.76	17700
2022-12-24 00:00	11.74	11.77	11.17	11.43	31449
2022-12-25 00:00	11.43	11.56	11.24	11.37	10941
2022-12-26 00:00	11.35	11.48	11.12	11.35	33925
2022-12-27 00:00	11.36	11.43	10.72	11.11	32437
2022-12-28 00:00	11.09	11.11	9.42	9.75	85969
2022-12-29 00:00	9.76	10.89	8.00	9.65	150778
2022-12-30 00:00	9.62	10.27	9.04	9.90	123575
2022-12-31 00:00	9.89	10.18	9.66	9.95	32866
2023-01-01 00:00	9.96	10.06	9.69	10.00	15389
2023-01-02 00:00	9.98	11.94	9.82	11.29	58598
2023-01-03 00:00	11.29	13.89	11.01	13.39	127721
2023-01-04 00:00	13.36	14.22	12.83	13.42	82533
2023-01-05 00:00	13.39	13.88	12.95	13.43	54792
2023-01-06 00:00	13.43	13.59	12.71	13.51	91258
2023-01-07 00:00	13.50	13.50	13.02	13.11	34539
2023-01-08 00:00	13.10	14.85	12.87	14.44	111000
2023-01-09 00:00	14.43	17.47	14.29	16.27	410123
2023-01-10 00:00	16.32	16.72	15.58	16.21	122285
2023-01-11 00:00	16.21	16.59	15.30	16.36	123762
2023-01-12 00:00	16.38	16.97	15.62	16.60	168610
2023-01-13 00:00	16.59	18.59	16.32	18.30	156950
2023-01-14 00:00	18.29	24.77	18.23	24.29	329226
2023-01-15 00:00	24.27	24.96	21.98	22.88	181110
2023-01-16 00:00	22.89	25.01	22.36	23.60	134158
2023-01-17 00:00	23.58	23.98	22.71	23.00	58423
2023-01-18 00:00	22.98	23.63	20.27	20.78	157209
2023-01-19 00:00	20.76	21.88	20.29	21.41	107684
2023-01-20 00:00	21.40	25.80	20.92	25.50	143091
2023-01-21 00:00	25.53	26.47	24.43	24.75	127049
2023-01-22 00:00	24.78	25.58	23.53	24.25	93177
2023-01-23 00:00	24.25	24.97	23.83	24.32	101462
2023-01-24 00:00	24.32	25.21	22.50	22.76	112792
2023-01-25 00:00	22.71	25.41	22.23	24.52	161434
2023-01-26 00:00	24.57	25.23	23.78	24.34	64531
2023-01-27 00:00	24.35	24.94	23.41	24.43	58623
2023-01-28 00:00	24.43	25.15	23.76	24.02	26176
2023-01-29 00:00	24.00	26.76	23.75	26.10	94581
2023-01-30 00:00	26.05	26.25	23.35	23.97	51523
2023-01-31 00:00	23.90	24.43	23.51	23.97	24408
2023-02-01 00:00	23.94	25.21	22.56	24.93	36610
2023-02-02 00:00	25.01	26.10	24.18	24.22	71864
2023-02-03 00:00	24.32	25.06	23.99	24.68	36225
2023-02-04 00:00	24.67	24.92	24.20	24.33	14355
2023-02-05 00:00	24.30	24.48	23.09	23.49	36681
2023-02-06 00:00	23.46	23.72	22.54	22.67	16937
2023-02-07 00:00	22.66	23.95	22.57	23.83	41613
2023-02-08 00:00	23.87	24.22	22.83	23.16	37564
2023-02-09 00:00	23.22	23.33	20.05	20.45	52213
2023-02-10 00:00	20.51	21.20	19.70	20.12	41455
2023-02-11 00:00	20.10	20.91	20.10	20.82	5820
2023-02-12 00:00	20.80	22.52	20.64	21.51	51281
2023-02-13 00:00	21.51	21.59	19.74	20.76	46091
2023-02-14 00:00	20.78	22.35	20.67	21.86	54995
2023-02-15 00:00	21.89	23.99	21.46	23.88	65690
2023-02-16 00:00	23.88	24.15	22.21	22.29	69678
2023-02-17 00:00	22.26	23.53	22.04	23.18	33289
2023-02-18 00:00	23.15	23.90	22.91	23.45	14471
2023-02-19 00:00	23.45	25.59	23.20	24.82	84462
2023-02-20 00:00	24.83	27.10	24.14	26.24	85889
2023-02-21 00:00	26.24	26.59	24.50	24.97	55875
2023-02-22 00:00	24.98	25.22	23.22	24.15	42898
2023-02-23 00:00	24.19	24.68	23.60	23.94	24921
2023-02-24 00:00	23.92	24.11	22.52	23.07	30873
2023-02-25 00:00	23.08	23.32	21.49	22.48	19663
2023-02-26 00:00	22.42	23.61	22.26	23.44	15169
2023-02-27 00:00	23.38	23.44	22.42	22.77	28857
2023-02-28 00:00	22.81	23.30	22.03	22.08	23638
2023-03-01 00:00	22.11	22.98	22.01	22.51	20790
2023-03-02 00:00	22.50	22.63	21.68	21.98	13746
2023-03-03 00:00	22.01	22.01	20.47	21.39	19225
2023-03-04 00:00	21.40	21.61	20.22	20.98	11938
2023-03-05 00:00	21.00	21.70	20.85	20.99	11847
2023-03-06 00:00	20.97	21.17	20.48	20.63	15892
2023-03-07 00:00	20.63	20.97	19.73	20.24	32326
2023-03-08 00:00	20.24	20.38	18.13	18.39	29750
2023-03-09 00:00	18.49	18.77	16.73	17.31	37655
2023-03-10 00:00	17.32	18.34	16.02	18.20	48966
2023-03-11 00:00	18.17	18.92	16.95	18.09	52940
2023-03-12 00:00	18.09	20.47	17.71	20.12	60107
2023-03-13 00:00	20.17	21.39	18.88	20.39	94466
2023-03-14 00:00	20.40	22.09	19.75	20.86	101415
2023-03-15 00:00	20.91	21.45	18.73	19.25	56889
2023-03-16 00:00	19.22	19.90	18.89	19.69	32792
2023-03-17 00:00	19.63	21.66	19.42	21.61	30870
2023-03-18 00:00	21.55	22.84	21.07	21.21	49068
2023-03-19 00:00	21.24	22.41	21.21	21.84	17435
2023-03-20 00:00	21.87	23.95	21.38	22.14	77057
2023-03-21 00:00	22.14	23.31	21.53	22.55	30516
2023-03-22 00:00	22.49	23.08	20.85	21.43	53609
2023-03-23 00:00	21.42	22.73	21.09	22.19	45734
2023-03-24 00:00	22.19	22.26	20.27	20.64	46909
2023-03-25 00:00	20.66	20.97	20.09	20.42	9883
2023-03-26 00:00	20.40	21.13	20.29	20.98	7116
2023-03-27 00:00	20.93	20.98	19.35	19.93	15374
2023-03-28 00:00	19.88	20.86	19.63	20.50	13781
2023-03-29 00:00	20.52	21.54	20.50	21.11	18361
2023-03-30 00:00	21.12	21.66	20.17	20.56	58336
2023-03-31 00:00	20.54	21.47	20.04	21.13	15334
2023-04-01 00:00	21.17	21.33	20.76	21.09	6299
2023-04-02 00:00	21.08	21.29	20.25	20.53	11879
2023-04-03 00:00	20.46	20.98	19.99	20.45	21354
2023-04-04 00:00	20.45	21.25	20.32	20.93	10054
2023-04-05 00:00	20.92	21.33	20.59	20.96	11466
2023-04-06 00:00	20.97	20.97	20.46	20.59	5655
2023-04-07 00:00	20.59	20.76	20.24	20.45	5549
2023-04-08 00:00	20.44	20.72	19.87	20.04	4788
2023-04-09 00:00	20.06	20.42	19.89	20.28	2372
2023-04-10 00:00	20.30	20.95	20.09	20.84	5618
2023-04-11 00:00	20.84	23.67	20.82	22.99	46798
2023-04-12 00:00	23.01	24.44	22.31	23.78	61323
2023-04-13 00:00	23.84	25.26	23.64	24.44	31737
2023-04-14 00:00	24.41	25.48	23.76	24.75	52925
2023-04-15 00:00	24.71	24.79	23.82	24.06	15158
2023-04-16 00:00	24.07	25.47	23.83	25.34	19230
2023-04-17 00:00	25.38	26.00	24.33	24.54	65612
2023-04-18 00:00	24.59	25.43	24.01	24.86	25870
2023-04-19 00:00	24.82	24.97	21.75	22.67	58962
2023-04-20 00:00	22.60	23.16	21.60	22.19	43575
2023-04-21 00:00	22.18	22.40	20.95	21.27	40742
2023-04-22 00:00	21.26	21.99	21.07	21.80	7423
2023-04-23 00:00	21.75	22.24	21.01	21.51	11119
2023-04-24 00:00	21.46	21.99	21.03	21.39	9776
2023-04-25 00:00	21.40	21.95	20.75	21.94	9983
2023-04-26 00:00	21.95	22.95	20.38	21.24	30487
2023-04-27 00:00	21.24	22.50	21.21	22.35	15990
2023-04-28 00:00	22.36	23.49	22.19	23.36	17527
2023-04-29 00:00	23.38	23.88	22.94	23.20	23519
2023-04-30 00:00	23.17	23.98	22.70	22.72	13176
2023-05-01 00:00	22.74	22.88	21.54	21.97	15746
2023-05-02 00:00	21.90	22.36	21.75	22.24	6884
2023-05-03 00:00	22.28	22.28	21.25	22.25	22966
2023-05-04 00:00	22.27	22.46	21.63	21.71	11118
2023-05-05 00:00	21.74	23.06	21.62	22.77	21903
2023-05-06 00:00	22.83	23.23	21.58	21.92	17741
2023-05-07 00:00	21.91	22.76	21.64	21.66	19194
2023-05-08 00:00	21.64	21.80	20.14	20.64	40758
2023-05-09 00:00	20.60	21.01	20.43	20.69	6054
2023-05-10 00:00	20.63	21.30	19.98	20.91	16209
2023-05-11 00:00	20.91	20.91	19.76	20.25	13079
2023-05-12 00:00	20.16	20.94	19.85	20.91	6805
2023-05-13 00:00	20.95	21.28	20.78	20.84	3959
2023-05-14 00:00	20.83	21.24	20.63	20.92	3636
2023-05-15 00:00	20.90	21.51	20.61	21.01	8394
2023-05-16 00:00	20.99	21.10	20.45	20.64	10196
2023-05-17 00:00	20.65	21.19	20.46	21.05	6495
2023-05-18 00:00	21.08	21.09	20.13	20.34	6180
2023-05-19 00:00	20.33	20.58	20.23	20.34	4683
2023-05-20 00:00	20.31	20.34	20.11	20.29	11130
2023-05-21 00:00	20.27	20.38	19.36	19.62	5651
2023-05-22 00:00	19.60	20.02	19.30	19.51	8103
2023-05-23 00:00	19.51	20.17	19.43	20.01	5429
2023-05-24 00:00	20.03	20.04	18.72	19.22	9081
2023-05-25 00:00	19.24	19.56	18.78	19.27	4161
2023-05-26 00:00	19.22	19.54	19.10	19.37	1924
2023-05-27 00:00	19.38	20.52	19.34	20.41	5961
2023-05-28 00:00	20.39	21.18	20.30	20.80	20359
2023-05-29 00:00	20.83	20.98	20.28	20.64	5610
2023-05-30 00:00	20.59	21.39	20.50	21.27	16087
2023-05-31 00:00	21.20	21.32	20.39	20.80	7011
2023-06-01 00:00	20.83	20.98	20.42	20.52	3919
2023-06-02 00:00	20.51	21.36	20.32	21.25	6890
2023-06-03 00:00	21.24	21.33	20.98	21.19	1417
2023-06-04 00:00	21.19	22.30	21.04	21.79	9848
2023-06-05 00:00	21.83	22.04	19.22	20.07	31257
2023-06-06 00:00	19.98	20.69	19.24	20.39	20393
2023-06-07 00:00	20.39	20.51	18.31	18.47	45000
2023-06-08 00:00	18.49	19.09	17.74	18.86	22884
2023-06-09 00:00	18.87	19.31	14.24	17.26	27538
2023-06-10 00:00	17.35	17.36	12.02	15.63	35343
2023-06-11 00:00	15.63	16.16	15.14	15.48	9894
2023-06-12 00:00	15.44	15.65	14.77	15.15	25284
2023-06-13 00:00	15.15	15.85	14.75	14.99	16812
2023-06-14 00:00	14.99	15.33	14.15	14.46	10071
2023-06-15 00:00	14.42	15.04	14.02	14.76	40153
2023-06-16 00:00	14.81	15.47	14.39	15.31	11268
2023-06-17 00:00	15.27	16.12	15.18	15.64	9166
2023-06-18 00:00	15.63	15.81	15.18	15.38	9417
2023-06-19 00:00	15.41	16.12	15.34	16.06	8364
2023-06-20 00:00	16.08	16.71	15.72	16.64	22815
2023-06-21 00:00	16.64	17.38	16.58	17.21	25962
2023-06-22 00:00	17.27	17.72	16.58	16.64	37916
2023-06-23 00:00	16.69	17.51	16.21	17.11	16719
2023-06-24 00:00	17.07	17.49	16.45	16.68	16067
2023-06-25 00:00	16.64	17.36	16.58	16.95	12137
2023-06-26 00:00	16.88	17.09	15.94	16.26	11402
2023-06-27 00:00	16.26	16.92	16.14	16.60	14155
2023-06-28 00:00	16.62	16.62	15.72	16.00	10634
2023-06-29 00:00	15.94	18.22	15.88	18.01	34610
2023-06-30 00:00	18.04	19.75	17.28	18.91	49938
2023-07-01 00:00	18.87	19.43	17.93	18.70	14125
2023-07-02 00:00	18.67	19.74	18.56	19.44	16493
2023-07-03 00:00	19.44	19.62	18.95	19.23	11614
2023-07-04 00:00	19.25	19.85	19.09	19.14	11794
2023-07-05 00:00	19.13	19.37	18.47	18.99	14100
2023-07-06 00:00	18.98	20.95	18.87	19.63	49895
2023-07-07 00:00	19.63	21.73	19.30	21.47	37061
2023-07-08 00:00	21.51	22.45	21.35	21.85	13902
2023-07-09 00:00	21.78	22.35	21.04	21.38	19115
2023-07-10 00:00	21.40	21.77	20.55	21.34	21266
2023-07-11 00:00	21.35	22.32	21.25	22.09	12397
2023-07-12 00:00	22.04	22.72	21.78	21.97	22416
2023-07-13 00:00	21.95	26.75	21.48	25.92	56703
2023-07-14 00:00	25.88	29.89	25.29	26.69	61179
2023-07-15 00:00	26.69	29.06	26.54	27.36	25566
2023-07-16 00:00	27.41	28.64	26.55	27.39	14195
2023-07-17 00:00	27.43	28.47	25.91	26.85	23273
2023-07-18 00:00	26.82	27.05	24.71	25.57	26339
2023-07-19 00:00	25.51	26.95	25.36	26.33	17112
2023-07-20 00:00	26.30	27.35	25.15	25.33	18599
2023-07-21 00:00	25.34	25.99	25.11	25.52	7234
2023-07-22 00:00	25.52	25.94	24.28	24.55	9109
2023-07-23 00:00	24.46	25.22	24.18	24.75	5737
2023-07-24 00:00	24.75	24.77	22.93	23.34	23151
2023-07-25 00:00	23.33	23.58	23.12	23.22	5358
2023-07-26 00:00	23.25	25.70	23.22	25.19	17624
2023-07-27 00:00	25.18	25.61	24.69	25.08	15603
2023-07-28 00:00	25.06	25.52	24.58	24.84	11446
2023-07-29 00:00	24.83	25.35	24.78	25.17	16648
2023-07-30 00:00	25.23	25.23	23.72	24.27	15067
2023-07-31 00:00	24.24	24.78	23.59	23.75	10271
2023-08-01 00:00	23.72	23.97	22.89	23.95	11234
2023-08-02 00:00	23.96	24.22	22.89	23.15	12079
2023-08-03 00:00	23.16	23.35	22.21	22.66	13686
2023-08-04 00:00	22.65	23.53	22.51	22.85	8557
2023-08-05 00:00	22.80	22.92	22.27	22.64	6170
2023-08-06 00:00	22.65	23.44	22.61	23.21	9243
2023-08-07 00:00	23.21	23.64	22.38	23.08	5880
2023-08-08 00:00	23.09	24.73	23.05	24.19	21365
2023-08-09 00:00	24.23	24.97	24.11	24.42	7953
2023-08-10 00:00	24.42	24.85	24.16	24.61	2972
2023-08-11 00:00	24.65	24.90	24.35	24.59	7515
2023-08-12 00:00	24.60	25.20	24.44	24.89	6271
2023-08-13 00:00	24.87	24.91	24.25	24.26	8182
2023-08-14 00:00	24.25	25.27	24.10	25.19	9728
2023-08-15 00:00	25.19	25.27	23.73	23.94	13743
2023-08-16 00:00	23.93	24.03	22.42	22.85	12332
2023-08-17 00:00	22.80	23.42	20.51	21.69	33850
2023-08-18 00:00	21.68	22.16	20.93	21.30	11622
2023-08-19 00:00	21.39	22.15	21.30	21.88	2724
2023-08-20 00:00	21.88	22.00	21.60	21.78	1990
2023-08-21 00:00	21.78	21.78	20.64	21.24	8313
2023-08-22 00:00	21.22	21.27	19.46	20.59	10983
2023-08-23 00:00	20.56	21.79	20.41	21.71	11972
2023-08-24 00:00	21.72	21.98	20.71	21.02	9277
2023-08-25 00:00	20.98	21.02	20.13	20.41	5498
2023-08-26 00:00	20.36	20.42	20.21	20.28	1949
2023-08-27 00:00	20.28	20.89	20.26	20.81	4673
2023-08-28 00:00	20.77	20.81	20.06	20.55	5071
2023-08-29 00:00	20.60	22.02	20.13	21.73	7870
2023-08-30 00:00	21.83	21.95	20.64	20.84	4406
2023-08-31 00:00	20.75	21.04	19.46	19.75	8764
2023-09-01 00:00	19.72	19.93	19.04	19.37	4555
2023-09-02 00:00	19.34	19.66	19.15	19.49	2233
2023-09-03 00:00	19.49	19.63	19.27	19.60	4215
2023-09-04 00:00	19.59	20.00	19.16	19.51	8034
2023-09-05 00:00	19.50	20.57	19.06	20.29	11999
2023-09-06 00:00	20.29	20.37	19.17	19.62	9067
2023-09-07 00:00	19.60	19.99	19.34	19.90	4368
2023-09-08 00:00	19.86	20.26	19.39	19.61	3856
2023-09-09 00:00	19.62	19.62	19.40	19.46	1384
2023-09-10 00:00	19.42	19.46	17.81	18.26	20562
2023-09-11 00:00	18.24	18.42	17.37	17.73	15801
2023-09-12 00:00	17.72	18.75	17.59	17.91	8131
2023-09-13 00:00	17.92	18.54	17.73	18.40	6319
2023-09-14 00:00	18.41	19.31	18.40	18.82	7771
2023-09-15 00:00	18.83	19.48	18.57	19.15	6725
2023-09-16 00:00	19.16	19.43	18.89	19.13	8841
2023-09-17 00:00	19.14	19.14	18.67	18.77	2173
2023-09-18 00:00	18.81	20.13	18.56	19.66	20461
2023-09-19 00:00	19.66	20.36	19.61	20.01	8009
2023-09-20 00:00	20.08	20.50	19.82	20.32	5039
2023-09-21 00:00	20.24	20.32	19.30	19.46	8047
2023-09-22 00:00	19.43	19.76	19.13	19.44	5705
2023-09-23 00:00	19.47	19.55	19.28	19.44	1220
2023-09-24 00:00	19.48	19.65	19.21	19.35	3413
2023-09-25 00:00	19.33	19.71	19.12	19.38	5132
2023-09-26 00:00	19.39	19.50	18.94	19.04	4058
2023-09-27 00:00	19.04	19.45	18.75	19.08	7499
2023-09-28 00:00	19.08	19.94	19.08	19.94	7397
2023-09-29 00:00	19.94	20.44	19.86	20.26	6989
2023-09-30 00:00	20.26	21.69	20.11	21.38	8696
2023-10-01 00:00	21.37	24.29	21.13	23.81	40315
2023-10-02 00:00	23.88	24.58	22.93	23.32	22273
2023-10-03 00:00	23.32	24.69	23.31	23.53	20137
2023-10-04 00:00	23.60	23.74	22.61	23.15	9424
2023-10-05 00:00	23.08	23.71	22.58	22.68	6427
2023-10-06 00:00	22.72	23.70	22.68	23.37	7075
2023-10-07 00:00	23.40	24.01	23.10	23.25	5952
2023-10-08 00:00	23.26	23.62	23.08	23.18	3893
2023-10-09 00:00	23.19	23.35	21.80	22.13	8013
2023-10-10 00:00	22.13	22.46	21.73	22.09	5980
2023-10-11 00:00	22.14	22.38	21.66	21.97	4591
2023-10-12 00:00	21.97	22.02	21.03	21.28	7142
2023-10-13 00:00	21.27	22.13	21.15	21.78	7173
2023-10-14 00:00	21.78	22.13	21.78	21.95	3059
2023-10-15 00:00	21.85	22.09	21.57	21.91	7070
2023-10-16 00:00	21.90	24.57	21.90	23.91	21706
2023-10-17 00:00	23.91	24.46	23.46	23.89	16878
2023-10-18 00:00	23.87	24.18	23.37	23.41	5640
2023-10-19 00:00	23.42	25.24	23.22	24.95	31234
2023-10-20 00:00	24.94	27.30	24.74	27.03	26672
2023-10-21 00:00	27.08	30.04	26.66	29.35	33737
2023-10-22 00:00	29.28	29.86	28.04	28.90	7822
2023-10-23 00:00	28.92	32.60	28.73	31.87	40621
2023-10-24 00:00	31.81	32.58	29.53	30.17	50382
2023-10-25 00:00	30.17	33.79	30.03	32.49	36501
2023-10-26 00:00	32.47	33.22	30.77	32.74	24677
2023-10-27 00:00	32.77	33.09	31.30	31.72	20196
2023-10-28 00:00	31.70	32.46	31.40	31.64	6256
2023-10-29 00:00	31.57	33.00	31.33	32.78	14797
2023-10-30 00:00	32.82	35.11	32.31	34.94	24184
2023-10-31 00:00	34.92	38.42	34.85	38.37	37608
2023-11-01 00:00	38.36	46.60	37.84	41.15	86931
2023-11-02 00:00	41.21	44.50	39.63	40.21	48562
2023-11-03 00:00	40.23	40.23	38.03	39.47	31564
2023-11-04 00:00	39.49	42.69	39.04	42.29	24078
2023-11-05 00:00	42.43	42.87	40.22	41.16	19572
2023-11-06 00:00	41.21	42.09	39.76	42.09	22709
2023-11-07 00:00	42.08	44.12	40.12	42.97	33168
2023-11-08 00:00	42.95	43.62	42.29	43.14	18051
2023-11-09 00:00	43.13	48.52	42.65	45.38	53104
2023-11-10 00:00	45.38	57.45	45.24	56.60	64762
2023-11-11 00:00	56.60	63.00	54.15	56.49	71898
2023-11-12 00:00	56.66	61.65	55.21	57.01	43282
2023-11-13 00:00	57.01	59.74	51.64	51.64	48341
2023-11-14 00:00	51.63	57.74	51.50	56.64	35125
2023-11-15 00:00	56.64	66.92	56.18	65.39	47757
2023-11-16 00:00	65.52	68.00	57.02	58.21	47050
2023-11-17 00:00	58.04	61.19	54.84	58.46	32588
2023-11-18 00:00	58.48	59.19	55.06	58.52	14928
2023-11-19 00:00	58.52	61.88	56.68	61.14	21792
2023-11-20 00:00	61.12	61.20	56.68	57.05	18245
2023-11-21 00:00	56.99	57.41	51.74	51.95	28551
2023-11-22 00:00	51.94	58.96	51.56	57.48	22658
2023-11-23 00:00	57.58	59.41	56.17	56.44	12900
2023-11-24 00:00	56.56	58.48	56.23	56.92	11173
2023-11-25 00:00	56.92	59.78	56.45	58.81	11473
2023-11-26 00:00	58.86	59.00	56.24	57.57	6676
2023-11-27 00:00	57.55	58.01	53.92	55.14	13982
2023-11-28 00:00	54.97	58.36	54.12	57.94	11347
2023-11-29 00:00	58.05	61.50	57.73	59.29	21980
2023-11-30 00:00	59.35	61.39	58.82	59.25	17245
2023-12-01 00:00	59.26	61.82	58.67	59.77	17523
2023-12-02 00:00	59.74	63.65	59.73	63.48	14249
2023-12-03 00:00	63.41	65.18	62.37	63.00	20500
2023-12-04 00:00	63.00	65.20	60.49	61.63	29772
2023-12-05 00:00	61.65	62.51	59.25	61.04	25647
2023-12-06 00:00	61.09	66.00	61.09	62.00	43917
2023-12-07 00:00	62.00	68.76	62.00	67.63	36569
2023-12-08 00:00	67.53	75.00	67.53	74.84	53049
2023-12-09 00:00	74.85	77.38	71.73	72.01	33525
2023-12-10 00:00	72.01	74.80	71.00	74.60	16506
2023-12-11 00:00	74.79	74.92	67.70	70.47	33983
2023-12-12 00:00	70.22	72.50	66.50	68.60	22832
2023-12-13 00:00	68.59	72.55	65.00	70.73	23913
2023-12-14 00:00	70.73	76.15	69.54	75.63	32215
2023-12-15 00:00	75.51	79.39	72.60	72.95	33352
2023-12-16 00:00	72.90	77.20	72.00	73.77	15698
2023-12-17 00:00	73.75	75.01	70.75	70.75	13551
2023-12-18 00:00	70.85	75.31	67.41	74.41	28271
2023-12-19 00:00	74.44	76.07	72.00	73.06	26877
2023-12-20 00:00	73.00	84.00	72.98	81.97	42922
2023-12-21 00:00	82.05	95.00	81.31	93.90	48929
2023-12-22 00:00	93.87	99.36	91.49	97.81	45961
2023-12-23 00:00	97.76	109.24	93.00	107.94	41779
2023-12-24 00:00	107.92	118.00	107.38	112.91	67434
2023-12-25 00:00	112.55	125.81	109.30	120.69	58371
2023-12-26 00:00	120.76	121.28	102.24	112.64	45273
2023-12-27 00:00	112.37	114.65	105.08	106.97	31667
2023-12-28 00:00	106.90	109.52	97.03	101.91	35635
2023-12-29 00:00	101.86	109.69	99.61	106.18	23538
2023-12-30 00:00	106.29	107.34	101.07	101.77	8618
2023-12-31 00:00	101.83	104.99	100.00	101.53	8789
2024-01-01 00:00	101.58	109.15	101.53	109.08	15688
2024-01-02 00:00	109.05	116.96	106.21	106.93	29766
2024-01-03 00:00	106.93	109.81	95.66	98.54	27780
2024-01-04 00:00	98.47	107.98	97.26	105.02	15896
2024-01-05 00:00	104.83	105.31	95.46	99.88	15606
2024-01-06 00:00	99.99	100.20	91.50	93.80	14241
2024-01-07 00:00	93.81	96.71	87.75	89.26	19274
2024-01-08 00:00	89.15	99.90	85.07	98.00	26151
2024-01-09 00:00	98.06	104.86	95.84	99.38	24493
2024-01-10 00:00	99.34	105.29	92.38	102.16	25780
2024-01-11 00:00	101.94	106.73	98.13	99.95	26399
2024-01-12 00:00	99.92	100.44	88.41	92.08	22372
2024-01-13 00:00	92.01	104.47	90.00	95.95	20168
2024-01-14 00:00	96.01	102.89	94.30	94.50	19593
2024-01-15 00:00	94.50	96.88	93.55	94.75	7893
2024-01-16 00:00	94.75	98.67	94.50	97.79	10474
2024-01-17 00:00	97.82	102.68	96.79	102.02	25900
2024-01-18 00:00	102.08	103.00	91.63	94.28	24544
2024-01-19 00:00	94.37	95.35	88.00	93.45	22664
2024-01-20 00:00	93.58	94.19	90.49	92.47	7128
2024-01-21 00:00	92.74	93.94	91.74	91.74	6453
2024-01-22 00:00	91.79	91.98	82.50	83.80	23950
2024-01-23 00:00	83.87	85.98	79.04	84.23	19714
2024-01-24 00:00	84.26	89.46	83.44	88.68	14501
2024-01-25 00:00	88.84	89.56	85.15	87.06	10377
2024-01-26 00:00	86.94	93.66	85.99	92.36	13202
2024-01-27 00:00	92.32	94.01	90.77	93.87	5878
2024-01-28 00:00	93.87	98.84	93.38	95.91	16179
2024-01-29 00:00	96.00	101.51	95.12	101.37	15388
2024-01-30 00:00	101.35	106.36	101.00	101.41	20269
2024-01-31 00:00	101.48	102.66	96.21	97.17	22576
2024-02-01 00:00	96.96	98.01	93.18	97.91	17497
2024-02-02 00:00	97.79	102.46	97.50	100.49	13947
2024-02-03 00:00	100.55	101.18	96.80	97.99	8287
2024-02-04 00:00	97.99	98.55	95.50	95.57	4379
2024-02-05 00:00	95.96	98.65	94.30	95.64	9069
2024-02-06 00:00	95.69	97.78	93.62	96.87	5920
2024-02-07 00:00	96.91	101.45	94.72	100.95	11095
2024-02-08 00:00	101.12	104.84	100.60	102.81	17639
2024-02-09 00:00	102.80	109.00	102.77	106.78	31790
2024-02-10 00:00	106.97	110.78	106.87	109.15	16086
2024-02-11 00:00	109.06	110.60	107.30	107.48	12107
2024-02-12 00:00	107.47	111.97	103.51	111.74	19745
2024-02-13 00:00	111.69	115.00	108.36	112.58	22048
2024-02-14 00:00	112.50	118.71	110.71	116.83	17563
2024-02-15 00:00	116.83	118.36	111.82	113.62	20548
2024-02-16 00:00	113.56	114.16	108.00	110.35	13481
2024-02-17 00:00	110.28	110.93	105.94	108.97	6816
2024-02-18 00:00	108.86	113.65	107.59	112.22	6132
2024-02-19 00:00	112.19	114.76	110.93	111.52	12230
2024-02-20 00:00	111.48	112.07	104.22	108.35	18279
2024-02-21 00:00	108.42	108.42	100.34	105.08	19283
2024-02-22 00:00	105.07	107.04	101.63	101.76	15310
2024-02-23 00:00	101.78	103.04	98.80	99.93	12453
2024-02-24 00:00	100.15	104.73	98.89	104.18	6760
2024-02-25 00:00	103.99	104.34	101.71	103.48	5831
2024-02-26 00:00	103.48	110.66	100.36	109.80	14414
2024-02-27 00:00	110.08	112.21	105.35	108.37	17282
2024-02-28 00:00	108.32	118.11	107.34	118.11	45498
2024-02-29 00:00	118.10	134.56	117.00	125.41	55248
2024-03-01 00:00	125.45	139.50	125.45	129.51	30069
2024-03-02 00:00	129.49	131.41	127.35	130.00	13415
2024-03-03 00:00	129.78	131.55	126.00	130.38	10320
2024-03-04 00:00	130.13	134.45	127.44	132.51	23036
2024-03-05 00:00	132.51	142.68	119.20	125.51	46088
2024-03-06 00:00	125.29	134.39	120.50	130.93	21168
2024-03-07 00:00	130.99	149.00	130.47	143.65	49817
2024-03-08 00:00	143.83	152.59	142.12	144.81	29807
2024-03-09 00:00	144.66	149.00	143.82	144.32	12607
2024-03-10 00:00	144.22	148.44	140.87	143.76	17972
2024-03-11 00:00	143.95	149.99	137.69	148.85	23728
2024-03-12 00:00	148.76	155.00	143.41	150.88	26186
2024-03-13 00:00	150.91	165.81	148.77	163.30	27893
2024-03-14 00:00	163.30	177.88	160.00	176.52	46645
2024-03-15 00:00	176.52	188.81	165.27	183.84	57515
2024-03-16 00:00	183.65	196.00	176.90	182.06	40027
2024-03-17 00:00	181.91	203.00	179.00	201.64	38992
2024-03-18 00:00	201.38	209.92	194.10	196.00	40369
2024-03-19 00:00	196.37	198.58	166.69	170.35	35333
2024-03-20 00:00	170.41	192.70	163.75	191.64	30637
2024-03-21 00:00	190.94	194.90	176.23	179.92	17957
2024-03-22 00:00	180.08	181.82	167.49	175.10	19724
2024-03-23 00:00	175.11	178.82	170.50	172.72	10071
2024-03-24 00:00	172.72	186.09	171.46	183.30	13490
2024-03-25 00:00	183.30	194.46	180.12	189.09	19409
2024-03-26 00:00	189.03	196.14	186.25	190.48	16318
2024-03-27 00:00	190.43	192.05	180.89	186.05	11002
2024-03-28 00:00	186.43	190.60	181.05	189.59	12737
2024-03-29 00:00	189.65	192.53	183.98	191.73	10649
2024-03-30 00:00	191.70	199.17	190.35	194.12	15074
2024-03-31 00:00	194.15	203.01	193.78	202.66	7237
2024-04-01 00:00	202.36	204.71	187.50	193.40	14845
2024-04-02 00:00	193.40	195.00	176.69	181.37	15606
2024-04-03 00:00	181.61	191.70	178.85	185.06	11053
2024-04-04 00:00	185.20	190.34	180.76	184.25	8058
2024-04-05 00:00	184.24	185.23	167.22	175.07	16040
2024-04-06 00:00	175.10	179.92	174.01	178.95	4199
2024-04-07 00:00	179.40	182.31	177.47	179.76	5750
2024-04-08 00:00	179.76	184.62	175.97	180.93	10825
2024-04-09 00:00	180.92	181.18	169.57	172.39	8050
2024-04-10 00:00	172.23	174.92	164.14	173.42	9707
2024-04-11 00:00	173.36	176.23	170.16	172.61	7310
2024-04-12 00:00	172.46	175.62	149.29	153.56	17294
2024-04-13 00:00	153.40	154.84	125.00	138.19	37587
2024-04-14 00:00	138.26	153.43	130.54	151.48	20678
2024-04-15 00:00	151.46	155.81	133.77	138.35	16425
2024-04-16 00:00	138.01	140.48	126.52	136.35	19009
2024-04-17 00:00	136.20	142.65	126.64	131.81	18494
2024-04-18 00:00	131.90	143.72	127.75	142.12	14408
2024-04-19 00:00	141.92	146.95	128.66	142.44	18050
2024-04-20 00:00	142.51	152.30	139.79	150.94	8914
2024-04-21 00:00	151.00	153.39	147.20	148.50	8206
2024-04-22 00:00	148.79	158.38	146.78	157.08	11578
2024-04-23 00:00	157.07	159.84	153.19	155.00	8652
2024-04-24 00:00	155.00	159.71	146.00	148.16	12449
2024-04-25 00:00	148.16	152.29	142.21	144.87	9967
2024-04-26 00:00	144.85	146.09	139.33	139.50	11471
2024-04-27 00:00	139.41	142.64	134.27	141.11	10180
2024-04-28 00:00	140.84	145.03	137.16	137.78	8214
2024-04-29 00:00	137.67	138.88	133.47	137.63	10591
2024-04-30 00:00	137.80	139.71	121.39	127.53	12479
2024-05-01 00:00	127.52	135.82	119.05	134.60	16294
2024-05-02 00:00	134.68	140.60	128.29	137.63	13210
2024-05-03 00:00	137.62	144.69	135.87	143.55	7982
2024-05-04 00:00	143.41	148.44	142.30	146.03	5725
2024-05-05 00:00	146.07	147.94	142.94	145.90	5845
2024-05-06 00:00	145.93	156.60	145.78	152.88	12280
2024-05-07 00:00	152.88	159.11	148.00	148.18	14773
2024-05-08 00:00	148.07	149.91	140.54	142.69	11847
2024-05-09 00:00	142.35	153.18	141.30	152.87	10262
2024-05-10 00:00	152.50	155.15	144.80	146.50	10628
2024-05-11 00:00	146.19	147.93	143.71	145.31	3892
2024-05-12 00:00	145.63	147.70	143.19	143.87	2033
2024-05-13 00:00	143.75	150.66	138.52	147.66	9338
2024-05-14 00:00	147.51	148.98	141.68	142.07	4517
2024-05-15 00:00	142.07	158.13	141.32	158.12	11104
2024-05-16 00:00	157.83	164.64	156.68	159.00	19042
2024-05-17 00:00	159.39	171.39	159.03	169.42	19249
2024-05-18 00:00	169.42	175.75	168.84	172.59	6422
2024-05-19 00:00	172.45	175.39	167.00	170.14	8307
2024-05-20 00:00	169.99	187.43	167.74	186.61	17259
2024-05-21 00:00	186.61	188.71	174.99	178.34	14183
2024-05-22 00:00	178.17	183.36	175.24	177.10	7438
2024-05-23 00:00	177.09	180.11	165.68	175.51	13931
2024-05-24 00:00	175.92	175.92	163.22	168.45	8952
2024-05-25 00:00	168.45	170.72	166.32	169.01	2655
2024-05-26 00:00	169.01	169.63	161.58	163.84	4366
2024-05-27 00:00	163.64	172.18	163.64	169.92	7027
2024-05-28 00:00	170.13	173.26	165.17	168.90	6731
2024-05-29 00:00	168.71	173.48	167.26	168.27	5043
2024-05-30 00:00	168.40	171.98	163.67	167.03	5444
2024-05-31 00:00	166.96	170.76	164.59	165.76	4368
2024-06-01 00:00	165.76	167.84	165.67	166.55	2635
2024-06-02 00:00	166.20	167.28	161.92	163.75	2948
2024-06-03 00:00	163.75	167.21	162.22	165.01	5128
2024-06-04 00:00	165.13	171.77	164.56	171.76	5366
2024-06-05 00:00	171.75	175.16	171.20	173.51	5084
2024-06-06 00:00	173.62	174.47	168.45	170.08	3476
2024-06-07 00:00	170.11	172.68	159.30	162.50	7594
2024-06-08 00:00	162.50	163.71	157.74	158.02	9325
2024-06-09 00:00	157.85	162.94	156.65	162.06	4054
2024-06-10 00:00	162.16	163.10	157.67	158.90	2702
2024-06-11 00:00	159.06	159.64	144.80	149.43	11483
2024-06-12 00:00	149.28	161.47	145.56	155.33	8002
2024-06-13 00:00	155.31	155.31	146.13	147.27	6853
2024-06-14 00:00	147.07	151.37	139.66	143.13	9773
2024-06-15 00:00	143.01	145.82	143.01	145.41	3023
2024-06-16 00:00	145.50	151.26	143.23	151.22	2485
2024-06-17 00:00	151.25	151.65	140.02	143.69	4742
2024-06-18 00:00	143.77	143.96	130.58	137.59	9270
2024-06-19 00:00	137.30	141.81	134.66	135.74	3214
2024-06-20 00:00	135.58	141.21	132.00	133.48	3929
2024-06-21 00:00	133.55	135.28	128.87	134.55	5330
2024-06-22 00:00	134.64	136.66	133.11	133.72	2955
2024-06-23 00:00	133.68	135.09	128.29	128.63	3559
2024-06-24 00:00	128.64	132.57	122.64	132.40	9415
2024-06-25 00:00	132.26	139.82	131.37	136.50	5315
2024-06-26 00:00	136.69	140.36	134.93	136.68	5928
2024-06-27 00:00	136.80	151.07	135.30	149.56	10629
2024-06-28 00:00	149.56	150.56	139.20	140.06	6769
2024-06-29 00:00	140.10	143.12	139.76	140.28	2988
2024-06-30 00:00	140.34	147.47	137.24	146.64	6478
2024-07-01 00:00	146.69	150.00	145.96	147.22	8770
2024-07-02 00:00	147.23	154.50	146.86	154.47	9910
2024-07-03 00:00	154.50	154.74	139.36	140.90	10441
2024-07-04 00:00	140.80	143.41	127.35	127.90	9350
2024-07-05 00:00	127.78	136.43	121.42	134.40	12396
2024-07-06 00:00	134.37	143.90	132.38	142.99	6895
2024-07-07 00:00	142.94	142.94	131.37	131.37	4737
2024-07-08 00:00	131.37	141.84	127.92	139.64	10669
2024-07-09 00:00	139.88	144.04	136.50	141.17	8445
2024-07-10 00:00	141.22	146.07	138.74	141.91	11248
2024-07-11 00:00	141.91	145.96	135.83	136.15	5918
2024-07-12 00:00	136.15	140.52	134.06	138.87	5582
2024-07-13 00:00	138.97	143.21	137.79	141.84	2882
2024-07-14 00:00	141.86	148.50	141.86	147.66	5912
2024-07-15 00:00	147.70	159.41	147.17	158.92	12296
2024-07-16 00:00	158.92	162.01	152.66	160.37	8783
2024-07-17 00:00	160.37	163.64	154.74	155.32	6910
2024-07-18 00:00	155.87	161.53	155.32	158.97	4760
2024-07-19 00:00	159.25	171.20	156.28	169.17	8963
2024-07-20 00:00	169.07	174.57	167.33	173.66	5038
2024-07-21 00:00	173.54	184.50	170.60	183.86	7109
2024-07-22 00:00	183.86	184.26	176.84	179.08	6421
2024-07-23 00:00	178.76	180.45	170.62	172.89	7647
2024-07-24 00:00	173.09	182.29	170.77	178.03	9114
2024-07-25 00:00	178.23	179.44	165.55	171.90	11874
2024-07-26 00:00	171.60	183.53	171.54	183.14	7627
2024-07-27 00:00	183.14	188.00	178.28	183.80	9691
2024-07-28 00:00	183.76	186.19	181.31	184.89	2706
2024-07-29 00:00	184.89	193.83	181.76	182.72	13886
2024-07-30 00:00	182.61	184.68	175.73	179.15	6021
2024-07-31 00:00	179.09	184.43	172.07	172.14	7065
2024-08-01 00:00	172.04	178.79	158.01	166.98	20281
2024-08-02 00:00	167.20	169.00	150.16	152.92	13118
2024-08-03 00:00	152.75	154.00	140.14	142.49	6935
2024-08-04 00:00	142.47	145.99	132.30	138.25	12155
2024-08-05 00:00	138.12	139.20	110.10	129.77	43154
2024-08-06 00:00	129.70	149.43	129.51	144.43	18627
2024-08-07 00:00	144.46	154.90	142.37	144.63	19947
2024-08-08 00:00	144.41	163.21	141.50	163.06	19014
2024-08-09 00:00	162.98	163.33	151.27	156.15	7136
2024-08-10 00:00	156.20	158.25	152.82	154.33	2858
2024-08-11 00:00	154.33	157.36	141.72	141.89	7390
2024-08-12 00:00	141.72	150.73	141.72	146.40	9513
2024-08-13 00:00	145.96	149.41	143.01	146.82	4780
2024-08-14 00:00	146.74	152.06	142.53	143.76	10160
2024-08-15 00:00	143.68	147.54	138.18	142.52	9348
2024-08-16 00:00	142.54	144.90	136.19	139.06	5634
2024-08-17 00:00	139.02	141.91	137.68	141.77	2803
2024-08-18 00:00	141.95	146.95	140.65	142.62	4929
2024-08-19 00:00	142.38	146.06	140.54	144.27	4220
2024-08-20 00:00	144.32	148.58	141.12	142.29	5283
2024-08-21 00:00	142.30	144.27	138.96	142.70	3185
2024-08-22 00:00	142.75	144.65	140.73	143.26	4054
2024-08-23 00:00	143.17	153.93	142.81	153.06	8375
2024-08-24 00:00	153.05	162.27	151.88	160.57	12798
2024-08-25 00:00	160.68	161.89	155.33	159.08	7526
2024-08-26 00:00	158.90	161.83	155.67	157.29	5563
2024-08-27 00:00	157.15	159.17	145.27	146.75	6201
2024-08-28 00:00	146.76	148.70	140.78	143.87	9120
2024-08-29 00:00	144.02	147.37	138.16	140.08	5353
2024-08-30 00:00	140.00	140.78	132.29	138.12	5812
2024-08-31 00:00	137.97	139.07	134.58	135.32	1718
2024-09-01 00:00	135.32	136.05	127.73	128.63	6063
2024-09-02 00:00	128.44	135.31	127.12	134.88	2885
2024-09-03 00:00	134.91	137.27	127.26	127.50	5571
2024-09-04 00:00	127.75	134.92	123.50	133.55	6857
2024-09-05 00:00	133.65	134.88	128.00	129.34	11406
2024-09-06 00:00	129.44	134.16	121.63	124.93	10702
2024-09-07 00:00	125.05	129.30	124.21	127.66	2173
2024-09-08 00:00	127.85	131.58	126.72	129.86	3849
2024-09-09 00:00	129.81	137.15	127.07	134.98	9744
2024-09-10 00:00	134.98	137.58	132.66	135.67	3724
2024-09-11 00:00	135.79	135.79	128.34	132.29	4469
2024-09-12 00:00	132.45	136.14	132.29	135.88	3792
2024-09-13 00:00	135.78	139.51	131.77	138.81	6506
2024-09-14 00:00	138.78	139.70	135.73	137.08	1684
2024-09-15 00:00	137.22	137.82	130.64	131.50	4798
2024-09-16 00:00	131.40	132.31	129.06	131.31	4853
2024-09-17 00:00	131.48	135.58	130.33	131.55	5142
2024-09-18 00:00	131.46	134.01	127.13	134.01	6755
2024-09-19 00:00	133.75	143.71	133.75	142.24	10604
2024-09-20 00:00	142.45	152.29	141.10	146.50	8783
2024-09-21 00:00	146.47	149.68	144.70	149.32	6322
2024-09-22 00:00	149.43	149.81	141.20	144.71	5414
2024-09-23 00:00	144.50	148.58	142.25	144.89	7834
2024-09-24 00:00	144.84	153.70	143.20	152.45	13437
2024-09-25 00:00	152.45	153.76	147.30	147.99	4101
2024-09-26 00:00	147.79	157.93	146.64	155.23	8924
2024-09-27 00:00	155.23	160.85	154.04	157.77	5456
2024-09-28 00:00	157.67	159.25	155.17	156.71	2105
2024-09-29 00:00	156.64	161.70	155.16	158.39	5555
2024-09-30 00:00	158.36	159.48	151.83	152.68	5674
2024-10-01 00:00	152.68	157.19	143.25	145.31	6916
2024-10-02 00:00	145.21	148.61	138.75	140.33	7210
2024-10-03 00:00	140.20	142.85	133.78	137.03	6284
2024-10-04 00:00	136.93	144.43	136.47	143.13	3767
2024-10-05 00:00	143.27	144.29	141.66	142.98	3031
2024-10-06 00:00	142.47	146.52	142.47	146.52	2687
2024-10-07 00:00	146.48	152.12	143.90	144.04	6712
2024-10-08 00:00	143.96	145.45	141.32	143.38	2423
2024-10-09 00:00	143.39	145.15	138.75	139.17	4299
2024-10-10 00:00	139.36	140.78	135.65	139.02	2663
2024-10-11 00:00	138.92	146.32	138.74	145.18	2557
2024-10-12 00:00	145.57	147.17	144.77	146.37	3082
2024-10-13 00:00	146.13	148.30	144.52	147.55	2234
2024-10-14 00:00	147.55	157.68	146.91	157.50	7825
2024-10-15 00:00	157.59	158.70	150.44	154.75	4257
2024-10-16 00:00	154.63	158.00	153.00	154.32	2283
2024-10-17 00:00	154.31	155.52	147.84	150.49	3557
2024-10-18 00:00	150.28	156.61	149.87	155.04	4143
2024-10-19 00:00	154.99	159.74	153.70	159.74	3605
2024-10-20 00:00	159.74	167.30	157.65	166.97	6846
2024-10-21 00:00	166.97	170.95	161.44	165.65	6479
2024-10-22 00:00	165.91	170.81	163.10	167.47	5674
2024-10-23 00:00	167.20	173.89	164.26	170.86	6480
2024-10-24 00:00	170.86	179.09	170.62	177.26	6238
2024-10-25 00:00	177.02	177.45	159.83	165.28	9512
2024-10-26 00:00	164.88	173.02	162.59	170.86	3883
2024-10-27 00:00	170.91	177.77	170.40	176.49	3413
2024-10-28 00:00	176.46	179.36	172.63	178.03	6183
2024-10-29 00:00	177.79	183.00	177.24	179.20	7648
2024-10-30 00:00	179.32	180.96	173.68	175.56	4332
2024-10-31 00:00	175.55	180.00	167.72	168.88	6510
2024-11-01 00:00	168.67	173.84	163.82	166.20	4129
2024-11-02 00:00	166.27	168.56	162.32	166.08	1868
2024-11-03 00:00	166.05	166.36	158.02	162.39	4863
2024-11-04 00:00	162.20	164.71	155.26	157.85	5682
2024-11-05 00:00	157.96	169.06	156.98	166.67	4907
2024-11-06 00:00	166.68	189.90	166.68	186.58	19182
2024-11-07 00:00	186.66	197.47	185.90	196.06	8744
2024-11-08 00:00	196.42	204.77	195.65	199.88	12325
2024-11-09 00:00	199.76	203.24	195.30	200.00	5086
2024-11-10 00:00	199.84	214.86	198.85	210.51	15802
2024-11-11 00:00	209.56	223.58	204.20	222.41	16713
2024-11-12 00:00	222.04	224.53	204.88	211.56	20135
2024-11-13 00:00	211.56	220.07	201.00	214.75	12969
2024-11-14 00:00	214.73	222.48	206.93	208.61	9259
2024-11-15 00:00	208.93	219.48	203.99	218.38	8264
2024-11-16 00:00	218.47	221.67	213.64	215.80	8037
2024-11-17 00:00	215.39	241.78	211.23	237.37	16886
2024-11-18 00:00	237.57	248.13	234.20	239.46	9953
2024-11-19 00:00	239.52	246.96	234.34	237.58	6539
2024-11-20 00:00	237.58	242.37	231.10	235.63	10106
2024-11-21 00:00	235.34	259.45	230.06	256.47	16331
2024-11-22 00:00	256.49	264.00	251.72	256.59	10585
2024-11-23 00:00	255.80	263.78	253.08	254.94	9659
2024-11-24 00:00	254.44	259.34	240.90	252.80	9315
2024-11-25 00:00	252.53	256.18	231.41	234.85	9646
2024-11-26 00:00	233.98	239.42	222.22	231.30	6712
2024-11-27 00:00	230.61	243.24	227.89	242.33	5904
2024-11-28 00:00	241.77	244.69	233.18	238.05	3726
2024-11-29 00:00	237.48	246.44	236.74	243.36	4409
2024-11-30 00:00	243.20	245.16	237.55	238.98	5887
2024-12-01 00:00	238.43	239.83	233.24	236.80	7987
2024-12-02 00:00	236.69	238.02	220.25	225.65	19662
2024-12-03 00:00	225.04	238.70	215.31	234.16	13151
2024-12-04 00:00	233.63	239.99	224.90	228.95	10359
2024-12-05 00:00	229.12	243.70	223.27	235.99	15600
2024-12-06 00:00	235.97	245.00	231.13	236.32	5709
2024-12-07 00:00	235.66	243.40	233.98	238.02	3068
2024-12-08 00:00	238.05	241.36	233.57	236.98	4310
2024-12-09 00:00	236.88	237.13	207.87	216.87	12445
2024-12-10 00:00	216.57	220.70	204.00	213.48	9170
2024-12-11 00:00	214.14	230.06	211.68	227.41	7851
2024-12-12 00:00	227.36	234.41	225.80	226.80	4332
2024-12-13 00:00	226.85	228.23	220.00	224.95	5338
2024-12-14 00:00	224.43	227.31	215.88	221.69	3645
2024-12-15 00:00	220.40	225.44	215.00	223.48	5249
2024-12-16 00:00	224.03	227.01	213.51	216.59	6467
2024-12-17 00:00	216.68	228.81	211.68	222.70	9140
2024-12-18 00:00	223.60	225.77	205.00	206.85	11578
2024-12-19 00:00	206.48	212.12	187.30	193.93	9726
2024-12-20 00:00	193.92	199.59	175.55	194.39	10860
2024-12-21 00:00	194.22	201.78	178.66	181.45	4486
2024-12-22 00:00	181.53	187.60	177.16	180.62	2294
2024-12-23 00:00	180.12	197.00	176.74	190.31	10024
2024-12-24 00:00	190.70	198.83	185.83	197.13	8350
2024-12-25 00:00	197.26	201.69	195.21	197.61	2943
2024-12-26 00:00	197.72	199.59	186.72	188.51	4186
2024-12-27 00:00	188.62	194.17	183.10	184.10	5450
2024-12-28 00:00	184.68	195.92	184.06	195.47	11704
2024-12-29 00:00	195.47	197.61	188.79	189.92	8408
2024-12-30 00:00	189.55	196.23	186.05	191.33	5741
2024-12-31 00:00	191.38	198.74	188.27	189.80	7759
2025-01-01 00:00	189.34	195.14	188.39	194.40	6626
2025-01-02 00:00	194.37	210.21	193.00	208.19	7857
2025-01-03 00:00	208.07	219.83	205.78	217.87	5558
2025-01-04 00:00	217.58	217.93	213.81	216.71	5256
2025-01-05 00:00	216.84	218.87	211.68	213.41	6501
2025-01-06 00:00	213.81	222.64	211.74	218.18	6591
2025-01-07 00:00	218.30	219.08	201.50	202.17	8612
2025-01-08 00:00	202.13	203.20	188.70	198.23	10923
2025-01-09 00:00	198.07	198.99	182.99	186.20	5487
2025-01-10 00:00	186.13	192.87	183.76	187.68	4222
2025-01-11 00:00	187.68	191.68	184.29	188.10	2677
2025-01-12 00:00	188.03	190.77	185.40	188.57	1718
2025-01-13 00:00	188.47	191.81	170.00	182.92	9183
2025-01-14 00:00	183.14	189.99	182.06	187.70	2692
2025-01-15 00:00	187.60	205.85	186.00	205.85	8662
2025-01-16 00:00	205.89	216.94	198.64	210.86	10241
2025-01-17 00:00	211.27	221.75	210.07	219.64	9511
2025-01-18 00:00	219.64	267.00	217.52	261.56	28810
2025-01-19 00:00	262.07	294.94	238.26	253.54	39975
2025-01-20 00:00	253.54	272.96	231.46	241.88	21308
2025-01-21 00:00	241.95	259.74	231.44	250.56	7959
2025-01-22 00:00	250.57	271.77	249.00	257.82	8994
2025-01-23 00:00	256.90	265.18	242.41	253.78	8464
2025-01-24 00:00	253.03	269.87	247.47	253.65	8609
2025-01-25 00:00	253.37	260.70	246.57	255.87	6015
2025-01-26 00:00	255.98	259.80	240.65	240.65	4087
2025-01-27 00:00	240.63	242.51	221.44	235.22	12559
2025-01-28 00:00	234.78	243.73	225.17	227.00	4999
2025-01-29 00:00	227.58	238.19	223.03	227.91	5020
2025-01-30 00:00	228.08	244.26	227.16	238.54	5075
2025-01-31 00:00	238.46	241.69	228.65	232.02	6222
2025-02-01 00:00	231.75	233.98	213.11	213.11	5567
2025-02-02 00:00	213.11	218.61	193.03	203.32	13770
2025-02-03 00:00	203.27	218.26	180.00	215.73	26380
2025-02-04 00:00	216.17	219.80	202.29	207.04	10014
2025-02-05 00:00	206.81	209.19	195.45	195.64	5952
2025-02-06 00:00	196.06	203.89	187.77	190.03	6741
2025-02-07 00:00	189.50	203.21	188.23	192.12	5193
2025-02-08 00:00	191.80	200.68	189.97	199.50	2424
2025-02-09 00:00	199.92	206.97	194.30	200.59	9670
2025-02-10 00:00	200.68	208.83	196.40	201.00	10481
2025-02-11 00:00	200.34	205.82	195.46	198.18	10373
2025-02-12 00:00	198.54	198.54	188.85	196.52	5402
2025-02-13 00:00	196.79	198.72	189.37	194.87	5672
2025-02-14 00:00	194.87	205.16	194.87	199.87	6838
2025-02-15 00:00	198.81	200.09	193.00	194.46	11189
2025-02-16 00:00	194.59	196.05	186.50	188.35	3217
2025-02-17 00:00	188.62	189.55	175.09	177.62	6075
2025-02-18 00:00	177.54	178.99	161.03	169.31	9624
2025-02-19 00:00	169.27	174.19	164.00	169.00	2837
2025-02-20 00:00	168.97	176.48	167.79	175.93	4448
2025-02-21 00:00	176.10	180.50	167.23	169.08	3267
2025-02-22 00:00	168.53	174.43	168.22	172.18	2062
2025-02-23 00:00	172.15	172.95	166.55	168.05	1501
2025-02-24 00:00	168.26	169.47	139.71	142.00	8422
2025-02-25 00:00	142.00	146.93	132.23	144.20	6880
2025-02-26 00:00	144.19	145.16	131.00	134.73	4121
2025-02-27 00:00	135.55	142.77	134.73	137.34	3291
2025-02-28 00:00	137.66	148.30	125.69	148.02	11785
2025-03-01 00:00	147.47	151.00	138.60	143.60	5366
2025-03-02 00:00	143.57	179.56	140.12	178.84	20216
2025-03-03 00:00	179.16	179.27	139.62	142.21	9713
2025-03-04 00:00	141.88	146.72	130.76	145.39	6807
2025-03-05 00:00	144.83	149.58	140.33	146.37	5664
2025-03-06 00:00	146.33	152.79	142.64	143.83	6098
2025-03-07 00:00	143.41	150.69	135.36	139.41	4206
2025-03-08 00:00	139.35	141.05	135.55	137.01	1600
2025-03-09 00:00	136.80	139.75	125.63	126.51	7388
2025-03-10 00:00	126.44	131.37	115.74	118.30	5572
2025-03-11 00:00	119.48	128.29	113.51	125.32	8744
2025-03-12 00:00	125.42	131.11	121.37	126.68	2119
2025-03-13 00:00	126.47	128.51	120.96	123.33	1485
2025-03-14 00:00	123.37	135.92	123.31	133.37	2610
2025-03-15 00:00	133.61	136.42	132.47	135.88	1277
2025-03-16 00:00	135.97	136.59	125.35	126.07	1701
2025-03-17 00:00	126.03	130.53	125.65	128.52	2409
2025-03-18 00:00	127.84	128.52	121.88	125.34	3704
2025-03-19 00:00	125.60	135.91	124.25	135.50	4099
2025-03-20 00:00	135.33	135.84	126.99	127.81	1708
2025-03-21 00:00	127.52	129.96	125.10	128.62	1698
2025-03-22 00:00	128.46	131.63	128.09	128.55	695
2025-03-23 00:00	128.42	133.93	128.35	132.51	888
2025-03-24 00:00	132.87	144.87	132.42	140.92	6179
2025-03-25 00:00	141.01	147.33	138.30	143.99	3708
2025-03-26 00:00	143.73	145.16	136.00	136.79	2860
2025-03-27 00:00	137.23	140.06	135.79	138.46	5318
2025-03-28 00:00	138.34	139.07	127.92	129.53	7450
2025-03-29 00:00	129.95	130.45	122.98	124.23	966
2025-03-30 00:00	124.49	126.87	123.21	124.64	1021
2025-03-31 00:00	124.89	127.59	122.85	124.59	3626
2025-04-01 00:00	124.49	130.14	123.78	126.90	2277
2025-04-02 00:00	126.68	135.91	117.34	117.52	4431
2025-04-03 00:00	117.38	120.88	112.45	117.14	6364
2025-04-04 00:00	117.17	123.84	113.49	122.74	6250
2025-04-05 00:00	122.51	122.74	117.24	120.27	4542
2025-04-06 00:00	120.23	121.03	103.89	106.11	5079
2025-04-07 00:00	106.11	112.78	95.49	106.90	10430
2025-04-08 00:00	107.12	112.47	103.10	105.52	4231
2025-04-09 00:00	105.25	120.65	101.46	119.12	13829
2025-04-10 00:00	119.09	119.09	108.50	112.96	3070
2025-04-11 00:00	112.68	122.56	112.68	121.17	2384
2025-04-12 00:00	121.26	133.95	119.56	132.36	3836
2025-04-13 00:00	132.33	133.84	125.46	128.90	2141
2025-04-14 00:00	128.49	136.03	128.23	129.34	3472
2025-04-15 00:00	129.49	134.25	125.94	126.09	1630
2025-04-16 00:00	126.05	133.76	123.73	131.41	1775
2025-04-17 00:00	131.10	136.01	129.58	134.48	2796
2025-04-18 00:00	134.91	135.78	132.55	134.08	1793
2025-04-19 00:00	134.12	140.38	134.08	139.86	1673
2025-04-20 00:00	139.89	141.86	135.85	137.82	2120
2025-04-21 00:00	137.80	142.92	134.09	136.63	3320
2025-04-22 00:00	136.74	150.22	135.03	148.74	4622
2025-04-23 00:00	148.93	154.00	147.45	151.03	3192
2025-04-24 00:00	151.12	152.79	145.42	152.18	2991
2025-04-25 00:00	152.48	156.71	150.07	150.55	2900
2025-04-26 00:00	151.22	152.92	147.97	149.36	1328
2025-04-27 00:00	149.18	150.28	145.74	148.17	2130
2025-04-28 00:00	147.90	153.34	144.74	147.88	4270
2025-04-29 00:00	147.84	150.22	145.10	146.46	1786
2025-04-30 00:00	146.24	148.45	140.55	147.53	1616
2025-05-01 00:00	147.84	153.97	147.53	150.56	2871
2025-05-02 00:00	150.91	151.79	147.34	148.03	2051
2025-05-03 00:00	148.03	148.97	145.95	146.93	1007
2025-05-04 00:00	146.68	147.69	143.79	143.79	1594
2025-05-05 00:00	144.25	147.50	142.69	146.51	2891
2025-05-06 00:00	146.49	147.04	141.57	147.04	2122
2025-05-07 00:00	147.00	149.46	144.79	147.11	1426
2025-05-08 00:00	147.20	164.43	147.20	164.43	6367
2025-05-09 00:00	164.35	176.13	161.19	172.60	7518
2025-05-10 00:00	173.10	178.72	136.00	177.61	6940
2025-05-11 00:00	178.05	180.10	169.61	173.10	2913
2025-05-12 00:00	173.08	181.13	168.52	174.30	4821
2025-05-13 00:00	174.06	184.70	166.37	183.63	4251
2025-05-14 00:00	183.90	184.72	173.35	176.44	3296
2025-05-15 00:00	176.75	178.32	166.92	169.16	4189
2025-05-16 00:00	169.09	174.05	166.49	167.30	1485
2025-05-17 00:00	167.46	169.87	164.19	165.83	1790
2025-05-18 00:00	165.84	176.68	164.80	173.44	4012
2025-05-19 00:00	172.99	173.60	159.65	166.76	2497
2025-05-20 00:00	166.77	172.88	164.66	168.65	4251
2025-05-21 00:00	168.47	175.55	165.78	173.99	2937
2025-05-22 00:00	173.44	180.58	172.72	179.76	4426
2025-05-23 00:00	179.73	187.51	173.48	174.69	5928
2025-05-24 00:00	174.45	178.25	172.69	175.97	1265
2025-05-25 00:00	176.16	176.78	169.07	175.76	3960
2025-05-26 00:00	175.77	178.89	173.56	174.79	2461
2025-05-27 00:00	174.89	179.19	171.46	176.75	3005
2025-05-28 00:00	176.71	177.44	169.05	172.35	2309
2025-05-29 00:00	171.73	175.23	166.16	166.32	3092
2025-05-30 00:00	166.86	167.36	155.41	156.00	3298
2025-05-31 00:00	156.07	157.89	148.00	156.62	2471
2025-06-01 00:00	156.49	157.87	150.75	157.71	1611
2025-06-02 00:00	157.74	158.76	151.90	157.05	1200
2025-06-03 00:00	156.67	163.41	154.34	155.33	1917
2025-06-04 00:00	155.21	157.77	152.99	153.43	1595
2025-06-05 00:00	153.36	154.33	141.69	144.52	3100
2025-06-06 00:00	144.53	152.28	144.41	147.79	1306
2025-06-07 00:00	147.79	152.52	147.01	149.94	1016
2025-06-08 00:00	149.86	155.10	148.13	152.50	960
2025-06-09 00:00	152.50	161.49	149.49	160.99	2832
2025-06-10 00:00	161.00	165.53	156.53	164.92	2007
2025-06-11 00:00	165.12	168.36	159.30	161.07	3476
2025-06-12 00:00	160.85	161.30	152.22	152.63	2643
2025-06-13 00:00	152.57	152.63	141.08	148.55	10491
2025-06-14 00:00	148.39	148.71	142.14	144.78	8232
2025-06-15 00:00	144.88	153.38	144.42	152.77	1943
2025-06-16 00:00	152.79	158.70	150.48	150.48	2109
2025-06-17 00:00	150.68	154.09	145.82	147.88	3151
2025-06-18 00:00	147.45	149.11	143.85	146.25	3213
2025-06-19 00:00	146.44	147.74	143.18	147.06	1269
2025-06-20 00:00	147.43	148.71	135.89	140.19	6817
2025-06-21 00:00	140.10	142.49	131.12	135.45	1877
2025-06-22 00:00	135.48	137.42	126.26	131.56	4792
2025-06-23 00:00	131.64	146.61	130.85	144.50	4723
2025-06-24 00:00	144.42	146.52	142.51	145.78	2275
2025-06-25 00:00	145.78	147.85	142.37	143.42	3892
2025-06-26 00:00	143.41	147.96	138.88	138.91	1354
2025-06-27 00:00	139.17	144.67	137.26	142.20	1133
2025-06-28 00:00	141.90	152.69	141.34	150.70	1952
2025-06-29 00:00	150.70	154.64	149.50	153.26	1896
2025-06-30 00:00	153.51	159.88	149.70	154.81	4988
2025-07-01 00:00	154.84	155.32	145.03	146.92	2266
2025-07-02 00:00	146.92	154.25	145.92	152.15	3319
2025-07-03 00:00	152.15	156.11	149.82	152.66	4362
2025-07-04 00:00	152.48	153.73	145.00	147.49	3031
2025-07-05 00:00	148.12	148.52	146.00	147.52	793
2025-07-06 00:00	147.38	153.67	146.98	151.82	1693
2025-07-07 00:00	151.69	153.43	147.80	148.98	2300
2025-07-08 00:00	148.91	152.73	147.96	151.81	1584
2025-07-09 00:00	151.63	157.90	150.65	157.02	2845
2025-07-10 00:00	157.36	165.16	155.81	164.07	5142
2025-07-11 00:00	164.35	168.00	159.71	162.87	3362
2025-07-12 00:00	162.88	163.90	157.88	160.66	1286
2025-07-13 00:00	160.61	163.98	159.73	161.42	2319
2025-07-14 00:00	161.21	168.58	160.64	162.33	3176
2025-07-15 00:00	162.12	164.17	157.36	164.10	2693
2025-07-16 00:00	164.11	175.74	161.64	173.52	6909
2025-07-17 00:00	173.65	178.00	168.66	175.56	5702
2025-07-18 00:00	175.94	184.08	173.31	177.13	6724
2025-07-19 00:00	177.32	178.37	174.21	176.70	1266
2025-07-20 00:00	176.98	183.44	176.45	181.46	3594
2025-07-21 00:00	181.50	199.16	178.37	195.73	7375
2025-07-22 00:00	196.30	206.22	193.90	205.85	8051
2025-07-23 00:00	205.83	205.83	184.22	189.16	4844
2025-07-24 00:00	189.28	207.61	169.50	182.79	7911
2025-07-25 00:00	182.77	186.58	176.02	186.58	3260
2025-07-26 00:00	186.62	189.59	184.39	184.88	2107
2025-07-27 00:00	184.80	190.41	184.77	188.56	1817
2025-07-28 00:00	188.51	195.04	182.39	182.39	4806
2025-07-29 00:00	183.01	186.49	178.52	181.61	2364
2025-07-30 00:00	181.37	182.46	171.00	177.69	2194
2025-07-31 00:00	177.75	182.53	171.71	172.28	1860
2025-08-01 00:00	171.97	172.28	159.34	163.00	4890
2025-08-02 00:00	163.02	165.24	156.03	158.59	1992
2025-08-03 00:00	158.70	163.15	156.53	162.20	1665
2025-08-04 00:00	161.64	169.71	161.48	169.46	1721
2025-08-05 00:00	169.59	171.65	161.52	164.19	1432
2025-08-06 00:00	164.12	169.82	161.26	167.96	2331
2025-08-07 00:00	167.95	175.50	166.42	175.49	1975
2025-08-08 00:00	175.45	179.51	173.60	176.70	3151
2025-08-09 00:00	176.85	183.21	176.67	180.35	3693
2025-08-10 00:00	180.06	186.05	177.63	182.93	3381
2025-08-11 00:00	182.53	186.50	173.68	175.03	4808
2025-08-12 00:00	174.68	193.51	173.80	191.95	6328
2025-08-13 00:00	191.84	204.90	191.67	201.37	8448
2025-08-14 00:00	201.66	209.67	187.00	192.52	9359
2025-08-15 00:00	192.24	197.60	183.49	185.77	3909
2025-08-16 00:00	185.62	190.06	185.36	189.53	1415
2025-08-17 00:00	189.75	195.66	187.50	191.17	2924
2025-08-18 00:00	191.00	191.37	180.15	182.76	3342
2025-08-19 00:00	182.73	185.74	175.91	176.05	3908
2025-08-20 00:00	176.98	187.74	176.05	187.67	3668
2025-08-21 00:00	187.77	190.00	179.42	180.20	2440
2025-08-22 00:00	180.47	202.31	177.52	200.76	10128
2025-08-23 00:00	200.79	208.49	195.00	204.10	8630
2025-08-24 00:00	204.23	212.00	201.43	205.82	8157
2025-08-25 00:00	206.22	213.38	185.73	187.33	7723
2025-08-26 00:00	187.14	197.96	185.73	195.77	3470
2025-08-27 00:00	195.76	213.28	194.00	202.70	64388
2025-08-28 00:00	203.15	216.74	201.85	214.20	7293
2025-08-29 00:00	214.53	217.93	200.11	205.48	7830
2025-08-30 00:00	204.59	206.89	197.78	202.83	1879
2025-08-31 00:00	202.67	207.10	200.42	200.42	2353
2025-09-01 00:00	200.53	204.58	194.33	197.39	4747
2025-09-02 00:00	197.17	209.38	196.84	209.38	3767
2025-09-03 00:00	209.39	212.94	207.67	210.46	2300
2025-09-04 00:00	210.14	211.85	201.95	202.45	8183
2025-09-05 00:00	202.15	209.89	201.04	203.56	2874
2025-09-06 00:00	203.39	204.75	199.41	200.29	1535
2025-09-07 00:00	200.60	207.73	200.29	206.78	1475
2025-09-08 00:00	206.55	216.97	205.78	214.29	4362
2025-09-09 00:00	213.96	219.59	211.00	217.23	3417
2025-09-10 00:00	217.27	225.61	213.95	224.08	25640
2025-09-11 00:00	224.07	228.84	221.76	228.72	3062
2025-09-12 00:00	228.67	243.79	227.91	241.71	7671
2025-09-13 00:00	242.36	243.90	236.10	242.61	3748
2025-09-14 00:00	242.74	249.20	239.56	239.90	10910
2025-09-15 00:00	239.84	244.14	230.06	234.44	4424
2025-09-16 00:00	233.92	240.60	231.64	236.85	2582
2025-09-17 00:00	236.77	246.27	232.00	244.76	11570
2025-09-18 00:00	245.15	253.22	242.71	247.48	7419
2025-09-19 00:00	247.20	248.31	235.42	238.47	3934
2025-09-20 00:00	238.24	242.95	237.14	239.78	2659
2025-09-21 00:00	239.73	241.80	235.60	236.19	1821
2025-09-22 00:00	236.19	236.83	216.56	220.75	4858
2025-09-23 00:00	220.08	221.37	212.63	213.50	2275
2025-09-24 00:00	213.50	216.13	204.00	211.65	11894
2025-09-25 00:00	211.44	212.24	191.33	191.87	10463
2025-09-26 00:00	192.48	205.18	190.90	204.73	4612
2025-09-27 00:00	204.90	205.40	199.97	203.30	1062
2025-09-28 00:00	203.50	210.74	198.19	210.69	2094
2025-09-29 00:00	210.73	214.67	204.75	212.87	2662
2025-09-30 00:00	212.88	213.70	204.50	208.54	2343
2025-10-01 00:00	208.50	222.46	206.24	221.71	24561
2025-10-02 00:00	222.00	234.72	219.64	234.39	4991
2025-10-03 00:00	234.72	236.61	227.23	232.74	4796
2025-10-04 00:00	232.73	233.70	223.23	227.95	2234
2025-10-05 00:00	227.66	236.85	226.67	228.53	3404
2025-10-06 00:00	228.42	237.48	227.76	232.54	3486
2025-10-07 00:00	232.10	235.07	220.08	220.84	4441
2025-10-08 00:00	220.08	229.60	217.14	229.11	11387
2025-10-09 00:00	229.24	229.55	216.63	220.75	5055
2025-10-10 00:00	221.10	224.33	188.60	188.66	8501
2025-10-11 00:00	190.24	192.58	172.81	178.61	6683
2025-10-12 00:00	177.46	198.87	173.01	197.97	4535
2025-10-13 00:00	196.16	208.97	190.32	208.47	3897
2025-10-14 00:00	208.69	210.94	191.27	202.19	5698
2025-10-15 00:00	202.59	208.71	192.22	194.10	6415
2025-10-16 00:00	194.14	198.13	182.22	184.89	6273
2025-10-17 00:00	184.67	187.47	174.35	181.97	3986
2025-10-18 00:00	181.91	188.11	181.80	187.64	1578
2025-10-19 00:00	187.67	192.07	183.34	187.24	2378
2025-10-20 00:00	187.91	194.36	183.97	189.50	3436
2025-10-21 00:00	189.37	197.40	182.83	185.39	3511
2025-10-22 00:00	185.25	187.22	177.09	180.01	3058
2025-10-23 00:00	179.95	193.20	179.73	191.13	2110
2025-10-24 00:00	191.38	196.20	189.01	193.49	4170
2025-10-25 00:00	193.49	195.00	191.34	194.18	1276
2025-10-26 00:00	193.64	202.08	192.00	200.09	2010
2025-10-27 00:00	199.88	205.12	197.43	198.69	3489
2025-10-28 00:00	198.74	203.85	190.60	194.31	2923
2025-10-29 00:00	194.42	201.66	190.00	194.42	3039
2025-10-30 00:00	193.78	198.09	178.69	184.78	4911
2025-10-31 00:00	184.77	190.24	183.87	187.26	7007
2025-11-01 00:00	187.13	187.43	184.00	186.47	1693
2025-11-02 00:00	186.11	188.21	182.22	187.93	1182
2025-11-03 00:00	187.90	188.94	163.44	166.17	10683
2025-11-04 00:00	166.06	168.43	146.13	155.23	11639
2025-11-05 00:00	154.98	164.16	147.41	162.71	10246
2025-11-06 00:00	162.41	163.38	153.58	155.23	3438
2025-11-07 00:00	155.37	164.29	149.89	161.85	9418
2025-11-08 00:00	161.76	164.80	156.05	158.22	4481
2025-11-09 00:00	158.11	169.06	155.41	164.30	3360
2025-11-10 00:00	164.61	170.41	163.69	167.31	2830
2025-11-11 00:00	167.45	171.84	153.91	154.80	3478
2025-11-12 00:00	155.23	161.25	151.31	153.33	4504
2025-11-13 00:00	153.39	157.10	141.11	144.59	4917
2025-11-14 00:00	144.44	145.58	136.02	139.06	3280
2025-11-15 00:00	138.90	144.59	138.69	139.76	1787
2025-11-16 00:00	139.59	143.21	134.57	135.86	1718